0 10000 10000 5
10000000
1 4 5 4 2 2 4 2 5 1 5 5 4 5 2 4 1 4 3 4 4 2 2 3 4 1 5 1 2 4 5 2 2 2 5 2 2 4 1 4 5 3 2 3 3 5 2 1 2 4 1 1 2 1 3 1 1 3 2 1 3 3 2 4 4 4 4 2 3 5 3 2 1 3 4 1 1 3 5 5 3 1 5 4 1 1 1 3 3 5 3 2 1 5 3 2 4 3 3 4 5 5 4 1 2 1 4 3 3 4 5 1 2 5 5 4 2 5 3 1 4 1 2 2 4 1 4 3 3 2 2 3 4 3 3 5 4 4 5 5 5 5 1 5 2 1 5 1 4 5 4 2 2 3 1 1 4 5 1 5 5 5 1 3 2 2 2 5 2 1 5 3 5 1 4 3 4 4 3 5 4 2 2 1 3 3 4 2 4 3 2 4 5 2 4 4 5 5 4 5 1 5 5 5 4 5 3 3 5 3 3 5 2 3 4 2 2 4 5 5 3 3 1 4 2 2 1 2 4 5 5 4 5 1 2 1 5 2 4 4 1 4 2 2 4 3 3 3 1 3 2 1 4 1 2 1 4 3 5 3 5 3 3 3 2 1 4 2 5 4 1 4 1 2 4 3 2 2 1 3 1 3 3 5 5 2 3 1 5 4 3 1 1 2 5 3 5 5 2 1 3 3 2 5 5 4 2 1 1 5 4 4 2 3 5 2 2 2 5 1 3 2 2 4 5 2 3 2 4 2 3 2 5 5 3 1 3 2 1 1 2 3 1 4 1 5 3 4 4 2 2 1 3 2 5 2 4 4 3 1 3 3 3 5 3 4 4 5 4 4 3 5 1 5 5 2 2 4 2 5 5 3 5 5 4 2 5 2 2 1 5 1 5 1 2 1 4 2 3 3 2 4 1 4 1 5 3 1 4 1 3 4 2 1 5 3 1 3 1 3 2 3 1 3 3 1 5 5 3 4 2 2 3 4 2 5 5 3 5 2 1 3 2 4 4 2 4 4 4 1 4 1 2 2 5 3 2 5 5 1 5 4 5 2 2 1 5 1 2 1 5 3 1 2 1 1 5 5 3 1 4 2 2 4 3 4 3 3 1 5 4 2 4 4 1 2 3 4 4 2 2 1 1 4 5 4 3 4 1 1 2 5 3 2 5 2 4 3 1 4 5 2 1 1 1 5 5 3 4 5 4 1 5 1 5 4 5 3 2 4 4 2 2 4 3 4 4 2 1 3 2 1 1 1 2 5 5 2 1 5 1 2 1 4 3 2 2 3 1 1 2 4 3 3 2 4 5 1 1 5 3 1 1 3 5 4 1 3 1 4 1 5 1 5 3 3 3 1 3 2 4 1 4 1 2 2 5 1 1 4 2 1 2 5 5 2 4 4 3 2 1 2 5 2 5 5 5 4 5 2 3 2 2 3 1 3 5 3 3 1 2 1 1 4 2 4 3 1 2 1 1 3 4 3 5 4 3 1 1 2 3 3 5 1 2 3 2 5 5 1 5 3 4 3 1 5 1 3 3 1 5 3 1 4 2 5 3 5 3 2 4 2 1 4 1 4 5 2 3 4 5 1 3 5 3 1 2 4 4 4 1 5 4 3 4 2 2 1 3 5 3 2 1 3 4 1 3 4 1 4 5 3 5 1 4 4 1 5 1 1 1 3 2 5 3 2 2 4 1 4 5 3 4 1 3 4 1 1 2 2 3 5 4 5 1 2 5 1 5 1 1 3 3 1 1 3 2 2 3 3 3 1 1 3 1 3 1 5 3 5 4 3 3 2 5 3 5 3 1 3 3 5 3 3 4 5 5 2 4 5 2 4 2 4 3 3 3 2 5 1 2 4 5 1 3 5 1 1 2 2 1 1 2 4 4 5 5 1 5 3 2 2 4 5 4 4 1 2 2 1 1 2 4 2 5 3 4 1 4 4 5 4 3 3 4 1 5 3 2 5 1 5 4 4 1 1 4 1 3 2 1 5 5 2 3 1 2 4 4 2 4 5 3 3 5 2 2 3 4 5 4 1 5 2 1 1 3 1 2 1 1 1 5 3 1 4 1 5 4 1 4 5 2 4 5 4 5 3 2 2 2 3 1 4 3 1 5 5 3 1 2 3 3 4 2 1 1 3 2 3 5 1 4 3 4 4 5 5 3 5 4 5 4 1 1 1 2 1 2 4 1 1 1 5 5 4 3 3 4 1 2 5 4 3 4 1 1 3 5 4 4 2 1 4 3 2 3 2 4 1 3 1 4 3 4 2 5 1 1 2 4 1 1 2 3 2 5 1 4 4 1 1 4 1 1 1 2 3 3 1 1 2 2 5 4 5 1 5 3 3 4 1 2 4 4 3 5 1 5 2 5 3 1 3 3 4 5 5 2 4 4 1 4 5 2 4 4 4 5 2 4 1 4 5 3 1 2 4 3 4 5 4 1 5 3 5 1 3 3 4 3 5 1 2 2 4 1 4 4 5 4 3 5 3 1 2 5 2 5 4 5 4 3 3 4 5 4 1 2 5 2 2 1 1 5 2 5 3 1 5 2 3 4 3 5 1 5 2 5 5 2 2 5 2 3 1 3 4 5 2 4 5 4 4 1 5 1 4 4 4 4 5 2 3 4 2 2 1 2 4 2 4 5 2 1 4 3 2 4 5 5 1 4 4 1 2 3 4 2 5 2 1 5 4 3 3 5 1 2 5 2 2 3 2 3 5 4 3 5 1 4 3 3 2 5 3 4 4 2 2 1 3 3 3 3 4 2 3 4 5 1 1 4 5 4 3 4 1 5 1 5 2 2 5 3 4 2 2 3 3 4 4 3 5 1 3 3 2 1 2 4 4 1 2 5 4 3 3 1 3 5 2 2 2 1 4 4 1 5 5 1 1 1 3 3 1 1 4 2 3 3 4 2 4 3 1 4 2 5 4 5 1 4 5 5 4 2 2 5 1 4 1 4 5 5 5 4 4 1 3 4 1 2 2 2 3 5 4 1 4 3 4 2 4 1 4 3 1 5 1 5 3 1 1 3 2 3 4 5 3 4 2 3 4 2 3 1 4 2 1 2 4 1 2 4 2 4 1 2 4 2 1 2 4 2 2 1 1 2 1 3 2 2 2 5 4 5 1 5 5 3 2 5 1 2 4 4 3 2 3 2 3 2 5 1 2 1 2 1 2 5 5 2 4 1 1 1 2 3 5 3 1 2 3 1 5 5 1 4 1 5 5 1 3 3 3 4 3 4 5 5 1 5 4 5 2 1 1 5 4 5 1 3 5 2 1 2 1 2 5 1 4 5 3 5 1 4 3 3 1 5 5 5 4 5 1 5 4 3 1 5 1 4 5 3 4 4 3 4 4 3 5 3 3 1 4 3 4 3 1 3 2 1 5 4 3 1 3 4 5 3 3 5 5 5 4 2 5 3 4 5 1 5 2 2 2 1 5 3 2 4 1 3 5 3 3 3 3 3 4 4 2 1 4 5 1 2 3 5 1 4 5 1 5 3 4 1 3 1 4 2 2 5 2 1 4 2 3 5 2 3 2 5 2 1 4 5 4 1 1 2 4 1 4 5 2 3 3 2 5 3 3 5 3 4 1 1 5 2 5 4 3 2 2 2 2 4 4 1 2 3 1 2 1 3 4 5 3 1 3 4 2 5 4 2 2 4 1 4 4 5 2 2 4 5 3 5 3 2 1 2 2 1 5 4 5 5 5 1 5 4 4 4 1 4 2 4 2 2 2 2 1 1 2 4 3 5 3 1 1 1 5 5 5 1 3 1 4 4 2 3 3 3 4 3 1 2 4 2 3 4 4 1 5 1 3 2 3 2 2 5 1 4 2 5 2 4 3 5 1 1 5 3 3 3 2 1 3 5 2 2 4 5 2 5 2 1 1 5 3 4 3 2 3 1 4 4 2 2 3 3 2 5 4 4 2 1 3 1 2 1 4 1 5 1 1 2 3 4 4 4 1 3 1 2 5 2 3 4 3 3 4 3 2 4 4 2 3 1 3 5 3 1 5 1 2 4 5 3 1 2 1 2 5 3 3 4 5 3 4 3 2 1 3 3 1 3 3 1 2 3 3 4 2 2 1 5 3 5 4 2 1 2 5 3 2 2 4 4 4 3 2 5 2 2 5 3 5 5 5 1 5 3 3 5 3 1 2 3 2 1 4 4 4 5 2 3 2 5 5 4 3 5 3 3 2 3 1 2 3 4 1 5 1 4 4 1 4 3 1 5 3 4 5 2 1 5 1 4 5 1 1 3 3 5 3 4 4 1 5 3 5 3 3 4 4 1 5 1 1 1 2 2 3 3 2 2 4 5 4 5 3 4 5 3 1 1 3 1 3 1 5 4 3 4 5 3 5 2 5 5 1 2 4 5 2 5 5 4 3 5 2 4 3 4 1 2 3 3 3 3 3 4 3 2 5 5 2 2 2 1 1 1 3 1 4 5 4 2 5 5 1 1 1 2 5 4 3 4 2 2 1 3 1 2 5 4 4 5 3 4 4 4 3 5 3 4 5 4 5 3 1 1 5 1 3 1 4 2 1 3 5 3 3 4 1 2 3 2 3 4 1 1 5 3 4 4 2 2 1 1 2 4 1 3 4 2 1 2 1 2 5 3 2 5 2 4 4 4 4 5 1 5 3 4 4 2 4 4 5 3 2 3 1 2 4 1 2 1 3 1 4 2 4 4 3 1 3 4 5 1 5 3 3 2 4 3 1 2 1 5 5 5 1 4 5 3 1 2 3 3 4 1 5 2 3 2 5 3 5 2 4 5 3 3 2 2 2 4 4 2 4 4 1 1 2 5 3 4 3 2 1 2 1 5 1 2 5 2 1 2 5 5 4 3 1 3 1 5 4 2 2 5 1 4 4 4 1 4 3 5 2 1 4 2 2 2 3 5 2 1 3 1 3 3 5 3 3 5 5 1 2 1 5 4 2 5 3 3 5 3 2 5 1 4 4 3 1 1 5 5 3 3 4 2 2 2 4 4 4 1 5 1 3 4 5 4 4 4 1 5 3 4 4 3 3 2 5 5 5 4 3 2 1 1 5 1 4 3 3 1 5 4 2 1 5 3 1 5 2 2 2 2 3 4 2 1 5 4 4 5 2 1 1 5 5 5 2 3 2 5 4 2 2 2 1 2 3 4 2 1 4 5 4 5 3 2 1 3 1 4 5 1 4 3 2 3 4 3 1 1 5 1 3 1 4 1 3 5 1 2 3 3 1 5 2 1 5 4 5 2 4 4 1 5 5 1 1 4 5 3 3 4 2 3 2 3 4 3 4 5 4 1 1 4 5 3 5 2 1 1 2 4 5 2 4 1 4 4 5 2 3 5 2 3 4 4 1 5 3 5 2 1 1 5 2 5 3 3 2 2 4 1 4 3 4 3 1 5 2 2 2 2 5 4 2 5 3 2 1 1 3 3 2 3 2 3 4 5 2 4 1 1 4 1 5 1 1 2 5 5 5 1 5 3 2 4 1 4 2 1 5 5 2 2 2 3 5 4 1 2 3 5 3 4 4 5 4 3 5 3 5 5 2 4 4 2 3 2 1 5 5 1 3 4 5 2 3 4 3 1 4 3 2 3 1 5 2 2 1 5 3 4 5 2 2 4 1 5 5 5 5 1 4 3 2 3 3 5 4 3 5 4 4 2 4 1 3 4 1 4 2 4 2 1 3 4 5 1 3 5 2 1 5 1 5 4 3 5 4 5 3 5 5 4 4 3 3 5 5 4 2 2 1 4 3 3 3 1 5 2 3 3 1 4 3 3 4 1 5 5 2 4 5 2 3 4 5 1 2 5 4 2 3 4 1 4 4 3 3 4 3 1 5 4 1 2 4 2 5 2 4 1 5 5 4 2 5 2 2 2 2 4 2 2 3 5 4 3 4 1 1 2 4 1 5 2 2 3 1 1 1 5 1 1 4 3 1 3 4 2 1 1 4 4 5 3 5 5 2 4 1 4 3 2 5 2 3 3 4 4 2 3 3 3 1 4 2 4 1 5 2 4 4 1 5 1 3 4 5 2 1 5 4 2 1 5 3 1 1 5 1 1 4 1 1 5 2 1 2 5 3 4 2 3 4 5 5 2 5 5 3 4 2 4 3 4 5 2 1 2 1 5 5 3 2 3 4 4 2 3 2 5 2 1 1 3 2 4 2 2 5 3 5 3 2 1 4 3 1 4 5 3 1 5 3 1 4 3 2 3 5 4 5 3 2 2 4 5 3 3 1 2 4 4 2 3 4 4 2 3 4 1 5 3 2 2 5 2 4 3 2 3 5 4 5 5 2 3 4 2 4 1 2 4 4 1 2 5 5 3 1 1 5 4 3 5 1 4 1 3 2 1 5 1 4 3 1 2 2 4 2 5 1 5 4 3 5 3 3 2 5 5 3 2 1 5 3 4 1 4 3 3 4 2 1 1 2 4 5 5 2 2 3 2 3 3 3 5 5 2 3 5 2 1 4 1 2 4 5 5 5 5 3 2 1 3 5 5 1 1 1 4 4 5 4 3 1 3 1 3 4 5 3 1 4 5 5 5 1 1 3 2 2 4 5 2 3 2 4 2 3 1 1 2 3 5 1 5 2 1 4 2 1 1 1 5 1 1 4 3 5 4 4 2 2 2 1 2 2 2 4 1 5 2 3 3 1 2 5 2 5 3 4 2 1 1 2 1 2 4 5 4 2 4 2 1 2 1 5 1 3 1 3 4 2 3 2 1 5 4 4 1 5 5 4 4 2 3 4 4 1 1 4 1 2 2 5 5 4 1 1 1 1 2 4 2 1 1 3 1 5 4 1 4 4 3 2 1 2 1 3 5 5 4 4 1 4 4 2 1 3 2 3 2 2 4 4 3 4 3 2 2 3 3 2 2 4 4 3 4 3 5 5 2 1 2 3 1 1 4 5 4 3 1 5 2 3 4 3 4 3 3 1 3 2 3 4 3 4 2 2 1 5 5 5 5 1 1 5 5 3 1 1 5 4 4 3 4 2 5 1 3 4 4 4 1 2 3 3 2 2 5 3 1 5 5 4 2 3 5 1 1 1 4 4 3 2 2 4 1 2 3 5 3 3 4 4 4 2 5 3 5 3 2 3 2 1 5 2 5 3 4 3 1 5 5 1 2 1 5 1 3 4 4 1 3 2 1 2 1 5 1 3 5 3 3 5 4 5 1 4 3 2 2 3 4 5 5 1 5 3 4 4 5 5 3 4 5 1 3 2 2 5 5 3 5 4 4 2 2 5 3 1 4 2 4 2 1 3 2 3 1 4 2 5 5 2 2 4 2 5 1 4 1 4 4 3 1 3 4 2 1 1 4 3 3 5 4 5 1 3 1 4 1 5 2 3 2 3 5 2 3 1 4 4 2 4 3 1 3 5 1 3 2 1 4 5 4 4 3 5 1 1 1 4 4 3 1 4 4 3 3 4 2 3 3 3 3 5 3 1 2 3 5 3 2 3 4 1 1 1 3 3 2 2 3 3 4 3 1 5 2 3 3 5 3 3 5 5 5 1 2 3 1 3 4 1 5 1 3 1 4 1 4 5 1 1 1 5 3 5 5 1 1 4 5 4 5 3 4 1 2 1 4 4 5 5 3 5 3 2 2 4 1 5 1 3 5 4 1 4 5 5 5 2 3 3 3 5 2 5 2 3 3 2 1 2 2 5 4 4 1 5 2 5 3 2 4 1 5 4 5 5 2 3 1 1 5 4 4 3 5 3 3 5 2 3 2 3 4 5 3 5 5 2 2 4 5 5 1 2 2 1 5 5 3 3 1 3 5 1 5 3 1 2 5 3 1 3 5 3 3 2 4 4 5 2 3 5 4 4 3 3 5 2 1 4 3 3 4 1 1 1 5 3 1 4 3 3 4 4 1 4 5 5 4 1 4 2 5 3 1 2 5 4 1 4 3 3 4 4 5 4 1 1 1 4 4 4 4 1 5 3 3 1 3 5 1 5 1 2 5 1 2 2 4 2 4 2 4 1 2 3 1 2 4 5 1 1 3 3 4 2 3 1 4 1 5 4 4 5 3 3 2 3 5 3 2 2 1 4 2 3 5 2 3 3 3 3 1 5 3 2 5 4 3 3 4 5 3 3 2 2 5 1 1 2 3 5 1 2 5 4 3 1 1 3 1 3 2 4 3 3 3 1 1 4 3 2 4 4 4 2 2 2 2 5 5 2 5 4 5 5 5 5 5 4 2 2 4 3 2 2 1 1 3 2 4 1 3 5 2 5 4 1 2 1 5 4 3 4 3 2 5 3 2 5 1 5 5 5 5 5 3 2 2 4 3 4 5 4 4 2 5 5 5 4 2 1 1 4 3 1 2 3 3 1 2 4 3 4 4 5 5 5 1 5 1 2 4 4 4 1 4 1 4 3 5 3 3 5 5 3 1 3 3 3 3 1 1 5 5 1 1 2 1 3 2 1 1 5 2 4 3 2 4 5 4 4 4 2 2 3 5 5 2 3 5 3 5 4 4 4 2 5 2 3 5 1 5 5 3 2 5 5 3 4 3 1 2 3 3 4 3 3 2 2 5 3 1 2 3 3 5 4 3 4 4 3 1 2 4 3 1 4 3 5 2 3 3 1 1 5 5 5 5 5 4 3 3 2 3 1 2 5 5 3 2 3 1 1 1 3 1 3 1 1 3 3 1 4 2 1 2 4 3 4 5 1 3 2 5 2 3 3 4 5 3 1 4 5 3 1 3 1 5 2 3 3 3 3 4 2 5 1 4 3 1 4 5 4 1 3 3 5 1 4 1 5 2 5 1 3 3 3 1 1 3 3 5 1 5 5 3 3 5 5 1 5 1 4 2 5 3 4 2 2 2 1 5 3 3 5 5 5 2 1 5 3 4 1 5 4 5 5 5 3 4 3 2 1 2 1 3 4 4 2 5 5 1 3 5 4 5 1 2 2 5 5 5 3 2 3 5 4 4 2 4 3 2 1 4 3 3 4 1 4 2 2 2 4 5 4 1 2 5 5 1 5 3 1 3 5 1 2 3 3 1 3 5 3 5 2 3 3 4 1 2 5 1 4 3 4 3 3 3 4 4 3 5 2 5 3 3 5 4 3 4 4 3 3 3 2 1 1 2 2 5 4 4 1 4 1 2 2 2 2 3 1 5 2 3 5 4 1 1 5 4 2 3 1 5 5 2 1 3 2 3 2 1 1 2 5 1 3 5 4 4 3 5 5 5 5 3 5 4 2 4 1 2 3 1 4 1 1 2 3 3 2 3 1 3 5 4 4 5 4 3 5 2 4 1 2 4 3 4 2 3 2 4 2 5 4 5 4 5 2 2 1 1 4 4 1 4 3 5 2 3 2 3 2 5 4 4 3 2 2 4 1 2 1 5 2 5 2 2 2 1 4 4 1 5 5 1 4 4 5 3 3 1 5 1 3 3 3 5 2 5 2 1 2 5 5 2 2 5 2 5 5 4 1 2 2 1 2 2 5 3 2 3 4 3 3 3 5 5 4 1 1 4 2 2 5 3 1 4 4 3 1 2 2 2 3 3 1 1 5 2 1 5 3 2 3 1 1 5 4 1 1 1 1 5 5 1 5 3 2 2 5 2 3 5 5 3 4 4 2 2 3 3 4 2 3 1 4 2 4 4 4 2 1 1 1 3 2 4 2 2 2 5 5 5 2 5 5 2 4 5 4 4 4 1 5 4 4 2 3 3 4 4 2 3 4 1 3 1 3 2 1 1 4 3 1 3 1 4 3 2 1 2 1 3 4 4 3 2 2 3 3 3 1 4 2 5 5 3 3 5 4 5 2 1 3 2 5 2 3 1 1 5 4 1 2 2 1 2 3 1 5 1 1 4 4 3 2 3 4 2 5 3 4 2 4 4 4 2 5 3 1 1 2 5 2 3 4 4 5 3 1 4 2 3 4 2 5 2 5 2 3 1 4 3 2 4 1 5 5 5 1 1 3 4 2 3 1 3 1 4 2 3 1 4 2 2 1 1 3 2 2 4 5 5 3 2 4 2 4 4 2 2 3 5 3 1 4 1 3 5 2 2 1 2 3 4 3 2 2 4 3 3 5 3 4 2 4 2 3 2 5 4 4 5 1 5 4 1 3 4 4 3 4 1 1 1 2 1 2 2 3 2 1 3 2 4 5 3 1 2 1 3 5 4 4 3 1 5 1 5 2 4 2 5 5 1 3 2 2 3 3 3 1 2 1 3 3 4 4 5 5 5 2 2 2 1 2 5 5 1 4 4 2 5 2 5 3 3 4 3 1 2 1 2 2 4 2 1 1 3 5 3 5 5 1 5 3 2 4 5 5 4 5 2 3 3 4 2 1 1 4 1 4 4 3 5 3 3 1 4 5 5 2 3 5 1 3 2 5 4 5 4 4 1 3 3 1 5 1 5 2 2 4 3 1 1 4 3 4 4 4 5 4 3 4 2 2 1 5 4 4 5 2 1 1 4 4 2 1 3 4 2 5 5 2 1 3 3 1 3 4 3 3 1 2 3 3 4 1 3 3 4 4 4 1 5 2 5 3 4 3 4 5 3 5 4 4 5 2 1 3 3 4 3 4 3 1 5 5 1 1 4 2 2 2 4 3 1 2 3 2 2 3 4 3 4 4 2 1 5 1 3 4 5 5 4 5 3 4 5 5 1 1 3 5 4 2 4 1 5 5 3 2 1 5 1 5 1 3 3 4 5 3 5 5 3 5 4 3 4 2 5 2 1 1 5 5 4 3 4 3 3 5 3 3 2 1 1 5 4 2 1 3 3 2 1 1 4 2 3 5 1 2 2 4 2 3 2 2 3 5 3 2 3 4 4 3 2 5 1 1 1 3 1 4 1 2 2 3 4 4 3 5 3 1 3 1 1 3 1 5 4 5 2 1 3 5 1 3 2 3 1 5 1 2 5 1 5 5 3 5 5 3 5 5 2 1 1 4 1 1 5 5 2 4 4 5 2 2 4 5 5 2 2 4 3 3 5 2 4 2 1 2 1 4 3 1 1 5 4 5 1 3 3 5 4 1 4 2 3 4 4 2 1 1 5 5 2 3 4 4 2 4 1 3 1 4 1 2 4 1 3 5 4 3 2 2 2 2 5 1 2 5 1 2 4 2 1 1 4 1 4 2 1 2 1 1 5 1 1 1 3 4 5 4 5 2 3 2 5 2 3 4 3 5 3 5 4 5 3 3 4 5 3 5 4 4 3 2 3 2 5 2 4 4 3 1 1 3 5 4 2 2 3 5 3 2 2 3 3 4 3 5 3 4 4 3 3 3 5 4 5 1 4 3 2 1 4 2 5 4 5 2 1 2 5 4 3 3 5 4 3 5 2 5 2 4 5 4 5 4 5 2 4 2 3 4 5 1 2 4 1 1 3 5 5 1 2 5 4 2 3 2 5 2 5 3 1 4 5 1 5 5 2 1 3 3 3 3 2 1 3 1 2 3 1 3 1 5 1 3 3 3 2 1 5 3 5 4 5 5 1 2 4 3 2 2 2 5 2 3 3 3 5 2 2 3 4 4 2 1 3 2 4 4 3 2 2 5 4 4 3 4 3 4 2 3 5 4 3 4 2 2 3 3 1 2 4 4 3 2 2 4 1 2 1 5 5 1 2 2 1 2 5 2 4 4 4 4 1 2 5 1 1 2 2 4 5 2 2 1 3 3 1 5 5 1 2 4 3 5 2 3 5 5 4 5 4 4 5 5 3 4 5 1 4 1 3 3 5 3 1 5 4 1 1 1 3 2 1 5 3 2 1 2 1 3 3 2 1 3 1 1 4 2 4 3 1 4 5 4 3 1 5 3 3 3 5 2 3 5 4 5 2 5 1 3 1 2 5 1 3 5 2 1 5 2 2 1 1 5 4 5 1 5 5 5 4 2 1 4 4 5 4 2 4 4 5 1 4 1 2 5 4 3 3 1 2 3 5 4 2 5 4 1 1 4 2 2 3 3 5 3 2 3 4 4 1 2 5 5 3 5 5 2 2 2 1 3 3 1 1 5 2 3 1 4 3 4 5 4 1 5 4 3 5 5 2 5 3 2 1 1 3 5 1 3 3 4 4 1 5 2 4 4 3 4 5 3 5 3 4 2 4 1 5 2 1 1 2 4 5 3 4 2 1 5 1 1 4 1 2 5 5 3 4 2 1 4 4 3 5 1 4 4 2 3 4 4 4 4 4 3 4 3 3 2 4 3 4 4 5 2 2 3 1 4 4 2 4 3 1 3 3 5 2 5 2 5 2 2 2 1 5 1 3 2 1 3 3 3 2 2 5 4 4 4 2 5 5 5 5 2 2 1 5 3 2 3 3 2 5 2 5 1 3 3 5 4 1 4 1 3 5 5 3 5 1 4 4 2 4 4 5 4 1 3 3 1 5 1 1 1 1 5 4 2 1 2 4 4 1 4 3 3 1 2 5 4 3 5 2 3 1 2 4 3 2 5 1 5 5 2 5 2 1 2 1 1 3 1 3 4 2 2 5 4 1 1 5 4 1 1 5 4 5 1 1 5 1 5 4 1 5 3 4 2 4 3 5 3 2 5 2 3 1 5 4 3 1 4 1 3 3 2 4 1 3 1 4 1 3 1 4 5 1 3 4 4 5 4 3 4 5 4 1 1 3 4 2 4 3 3 1 3 4 4 4 1 5 4 1 2 2 3 3 2 1 4 2 2 4 4 2 2 2 5 4 3 5 2 5 2 3 2 5 3 5 2 2 1 2 2 2 4 2 1 5 2 1 3 4 3 2 2 2 5 1 2 3 2 5 4 3 4 3 1 4 1 4 3 3 3 3 1 3 2 2 2 1 5 4 1 5 3 4 4 2 5 1 1 5 2 2 1 3 4 1 5 5 5 5 3 4 2 4 5 4 5 5 3 2 5 4 4 4 1 1 5 4 3 4 1 3 5 2 5 4 4 5 2 2 4 5 1 5 3 3 5 4 5 4 1 3 4 3 5 3 5 2 4 1 4 3 3 5 5 1 5 5 2 3 5 2 5 1 3 4 3 5 4 5 1 3 2 3 1 3 1 5 2 4 3 1 2 3 1 2 4 1 4 4 2 4 3 2 3 4 3 3 3 1 2 5 4 4 5 3 3 3 3 1 1 5 5 5 4 3 3 5 5 2 5 4 3 5 4 3 4 3 3 3 3 4 3 4 1 1 1 1 2 2 1 2 1 5 4 1 1 3 4 2 3 1 1 4 4 5 2 4 4 2 3 1 5 4 5 4 1 2 3 2 3 2 1 2 4 5 3 4 4 3 4 2 3 3 3 5 2 1 5 2 1 1 2 1 5 4 4 3 3 2 4 4 4 2 4 2 1 1 3 4 5 1 4 4 1 4 3 2 1 1 3 1 5 2 1 2 5 1 1 5 3 3 3 1 5 4 5 4 3 3 2 1 1 4 2 3 2 1 4 2 1 4 2 3 5 3 4 4 3 2 4 2 4 4 1 4 1 5 3 4 2 2 2 1 3 4 4 2 4 3 5 2 5 4 1 2 3 1 5 1 5 5 1 2 5 2 1 4 3 3 5 2 4 3 2 5 1 1 2 5 3 4 5 1 5 2 1 4 5 4 2 4 1 5 2 3 3 5 4 3 5 3 5 3 3 3 1 1 5 4 1 5 2 2 5 1 3 5 5 5 3 4 1 4 1 5 2 2 1 5 1 3 2 1 2 4 4 2 4 2 5 1 4 5 4 1 5 1 3 5 3 3 4 3 4 2 3 4 1 1 3 2 2 1 3 2 1 1 1 3 2 1 1 3 2 5 3 3 2 3 3 5 2 5 3 4 3 1 4 3 4 4 3 2 2 4 3 5 1 2 3 5 2 3 1 4 2 3 5 1 1 4 5 1 4 5 3 5 5 3 4 3 3 5 1 1 4 3 3 3 2 5 5 4 4 5 3 1 5 1 5 3 5 3 1 5 3 4 3 2 3 4 4 1 1 4 1 4 2 2 2 2 2 4 1 2 3 1 5 3 5 5 5 3 2 2 2 5 3 2 1 1 1 4 5 3 5 2 5 3 3 5 5 4 4 3 4 2 1 4 3 3 4 3 4 1 1 5 1 2 1 4 4 5 4 3 1 2 2 2 4 2 5 4 1 5 4 2 1 5 3 2 2 4 3 2 3 3 3 4 1 1 3 5 2 4 3 5 3 4 3 5 1 4 5 5 4 1 2 3 5 2 1 1 4 1 5 4 3 2 4 4 3 2 4 3 3 3 1 5 1 4 3 3 5 1 5 3 1 2 4 3 3 5 5 2 2 2 3 1 1 4 1 1 3 3 3 5 2 1 2 4 5 3 1 3 4 1 5 4 2 4 4 4 5 5 4 1 1 1 4 3 2 5 5 3 4 4 3 3 5 1 2 4 4 4 1 1 3 4 2 5 2 3 4 5 5 3 1 3 2 3 2 2 5 5 2 2 4 4 2 1 2 1 5 4 1 4 2 3 5 1 4 4 3 5 1 4 2 2 3 1 2 1 3 3 1 2 3 5 1 2 1 5 2 4 5 5 1 4 2 3 3 4 3 3 5 4 5 5 5 4 4 3 1 5 2 5 3 1 5 4 1 1 1 4 3 1 3 3 2 4 4 5 1 2 4 4 3 4 1 5 2 4 5 2 3 1 2 3 5 5 5 1 5 1 3 5 2 4 4 4 5 5 1 3 2 3 3 3 5 5 4 4 2 5 3 4 5 2 4 1 1 2 2 3 2 3 4 2 2 4 4 5 2 5 4 3 4 1 1 2 5 5 5 3 4 1 2 1 2 4 5 2 5 1 2 1 1 2 2 1 2 1 3 4 5 2 3 4 4 5 3 3 2 5 3 5 1 4 5 1 4 1 4 4 4 2 5 4 2 1 2 4 5 4 1 3 5 2 2 3 1 3 3 5 5 1 4 2 3 4 3 4 5 4 3 5 3 5 1 4 4 1 3 2 3 1 2 5 4 1 5 4 3 5 3 1 5 4 4 4 1 3 5 1 1 5 5 2 3 3 5 5 5 2 1 2 3 1 1 4 1 5 2 1 1 1 5 2 1 3 1 4 2 1 4 3 5 3 1 2 4 1 2 3 5 5 2 1 5 3 5 1 3 1 1 3 4 5 4 4 1 2 4 2 5 4 3 2 2 3 1 4 2 2 3 2 1 2 5 2 5 5 3 5 5 1 5 2 1 5 2 3 3 4 4 2 3 1 5 5 2 2 2 4 1 5 4 5 1 5 1 5 2 2 2 3 4 4 1 4 1 5 3 5 2 2 3 3 3 1 2 2 1 3 1 2 5 3 1 1 1 5 1 5 1 2 5 3 3 1 2 5 5 3 1 5 2 2 5 2 4 4 2 5 5 3 5 1 3 2 1 2 4 1 2 2 3 2 2 5 2 2 4 5 1 5 3 4 5 1 4 2 2 4 4 2 1 4 5 4 3 2 4 5 4 1 1 1 1 2 1 1 1 3 1 1 3 5 5 1 4 5 5 4 5 5 2 3 4 2 4 1 4 3 2 4 1 4 2 4 4 1 3 4 3 2 1 5 1 4 2 1 2 2 1 2 5 3 2 4 5 5 5 4 2 4 2 5 4 1 3 4 3 1 3 3 1 3 3 2 3 3 2 5 1 3 3 2 1 3 1 3 2 1 4 5 3 3 2 2 2 5 5 1 1 1 2 1 3 3 4 3 5 2 4 3 3 1 1 3 4 4 1 1 3 5 3 2 4 4 5 3 2 3 2 5 4 1 1 5 1 5 3 3 1 3 3 2 4 1 2 3 4 5 3 3 2 5 3 4 5 5 1 4 1 5 2 4 5 1 3 3 1 5 1 1 2 5 5 5 1 1 2 3 4 2 2 5 4 2 3 2 4 3 1 4 1 3 5 3 1 3 4 1 5 3 2 5 3 3 1 1 4 4 1 4 2 4 1 4 4 3 4 5 3 2 5 2 4 4 4 2 4 4 1 1 5 5 3 5 3 4 5 2 1 2 4 5 1 1 3 2 1 4 3 5 3 5 3 5 4 1 1 3 3 2 1 4 2 4 5 2 2 1 5 1 3 1 1 5 4 1 3 4 1 2 3 4 1 2 5 4 2 1 2 4 1 4 4 3 4 4 3 2 3 2 1 4 1 2 5 4 5 5 3 5 4 5 5 5 4 3 2 1 2 5 2 4 3 5 3 2 3 5 2 1 1 1 2 3 1 4 4 4 1 1 1 4 2 4 1 3 5 4 3 2 5 2 2 5 4 1 5 1 1 5 5 3 4 2 4 3 3 2 1 3 5 4 4 4 4 1 3 3 5 5 4 2 1 2 4 1 4 1 4 5 1 5 4 1 3 5 3 4 4 1 5 4 3 1 5 1 2 2 5 4 1 4 3 5 1 3 2 3 2 5 4 3 4 1 4 2 2 2 5 4 1 3 5 1 5 4 3 2 1 3 3 4 3 4 4 1 3 3 1 2 4 4 5 2 4 5 5 3 2 4 3 5 1 4 1 5 5 2 2 1 2 3 3 2 3 5 4 5 2 5 3 3 2 4 4 3 5 4 2 3 3 4 5 3 3 1 3 4 1 5 1 4 3 1 1 3 3 1 4 4 5 3 5 5 1 3 5 2 4 2 5 2 5 2 4 3 5 1 4 5 4 4 2 1 2 3 5 3 4 2 1 1 3 2 3 4 1 4 2 5 4 4 3 4 4 2 3 5 2 4 1 4 3 2 5 1 3 1 5 1 4 3 5 4 1 4 2 2 4 5 3 3 1 1 2 4 2 1 5 3 2 3 2 5 4 2 3 1 1 1 1 1 1 1 3 5 5 5 5 4 1 1 4 4 1 2 2 1 2 4 5 4 2 3 3 4 5 3 5 2 2 5 5 3 2 2 3 2 4 4 1 3 3 4 4 5 5 5 1 2 2 2 5 3 5 3 2 3 3 2 3 3 1 2 1 4 5 1 5 4 2 5 5 4 3 5 2 5 3 2 4 5 1 4 4 1 2 3 3 3 4 3 4 4 3 2 5 5 1 3 2 4 4 3 2 2 2 5 4 1 1 4 4 2 5 3 2 1 3 1 2 3 5 2 4 2 3 3 5 5 5 4 1 5 1 2 2 3 5 1 4 2 4 1 1 3 4 3 5 4 3 1 1 4 4 2 3 5 5 5 2 5 5 5 3 3 1 2 4 2 3 1 2 3 3 3 4 2 5 1 3 4 5 5 4 1 3 4 4 1 1 2 5 4 4 1 1 2 2 2 3 5 4 5 3 3 5 2 3 1 5 2 5 4 1 4 4 4 2 2 3 4 1 2 1 1 1 3 5 3 1 4 3 4 3 4 2 4 1 3 1 3 3 1 1 4 5 4 3 1 1 1 3 2 4 3 3 1 2 5 5 3 1 3 5 2 4 4 1 2 1 4 1 1 4 2 2 1 5 2 5 5 3 1 4 3 4 5 2 4 4 2 5 5 4 2 3 1 3 1 3 3 3 2 4 2 3 5 5 5 2 5 2 2 3 1 4 4 4 1 3 5 4 1 1 5 2 1 1 1 1 2 1 1 2 5 3 5 2 3 2 3 1 5 5 3 5 4 5 4 2 4 4 1 3 1 2 3 3 4 5 2 2 4 3 3 1 4 2 1 4 2 1 2 1 4 2 3 2 3 2 4 5 2 5 4 3 2 1 1 3 2 1 1 2 3 4 1 4 2 1 2 2 2 1 5 3 5 5 3 1 2 2 1 1 4 2 5 2 4 3 2 5 4 2 5 1 4 2 2 4 2 5 4 3 5 5 2 4 5 4 3 4 3 1 1 2 5 4 3 5 5 1 3 2 3 1 4 5 1 5 4 1 5 4 4 5 2 4 2 2 3 5 2 1 1 1 3 4 2 4 3 1 5 5 3 5 4 3 1 1 3 4 3 5 5 2 5 5 1 1 5 5 4 2 4 5 1 4 2 3 4 3 1 5 3 2 3 3 5 5 1 2 3 4 4 4 5 4 4 5 5 1 5 2 4 2 3 2 2 4 4 2 4 2 1 4 2 4 4 2 4 5 4 2 1 2 3 3 3 1 3 1 2 5 5 4 3 2 1 1 4 3 3 5 2 1 2 5 5 1 3 2 2 4 5 3 4 4 3 2 4 2 2 3 2 4 5 2 3 2 4 5 4 5 4 5 1 1 4 1 3 4 1 3 2 5 5 2 4 2 1 2 5 3 4 1 4 1 3 1 1 5 3 1 2 5 1 1 2 4 1 2 4 5 3 5 1 4 5 4 3 5 2 4 3 4 5 3 4 5 4 3 2 3 2 5 2 4 2 5 1 1 2 5 1 4 5 3 3 4 1 2 3 3 3 4 5 4 3 4 1 4 4 3 2 2 5 2 2 1 2 4 3 5 2 5 1 2 2 1 3 1 3 1 3 3 4 5 5 4 3 3 3 2 4 5 3 2 1 2 5 5 1 1 4 4 3 4 2 4 1 2 3 4 4 5 3 3 5 2 5 5 5 5 1 4 3 3 2 5 3 1 3 2 5 2 2 4 4 4 5 5 1 2 4 5 5 4 3 4 5 5 4 3 5 3 1 2 4 1 5 4 3 1 2 1 2 3 1 1 2 2 5 5 4 4 3 1 2 1 3 3 3 3 5 4 5 3 3 3 2 4 4 5 5 2 4 1 4 2 2 3 4 1 1 2 5 3 1 4 3 5 4 1 2 5 4 1 5 4 2 4 3 1 4 3 2 4 3 1 5 3 2 2 3 5 1 2 4 5 4 5 4 3 3 2 5 3 4 1 5 1 3 1 5 4 5 5 2 4 1 4 3 4 3 3 4 3 3 1 4 5 2 3 2 2 4 4 1 2 1 2 4 3 1 2 5 5 3 5 3 3 4 2 1 3 2 2 5 4 3 3 5 3 3 4 4 1 1 4 3 5 3 2 5 5 1 1 1 5 4 1 1 4 2 3 2 4 1 3 4 1 4 4 2 2 3 1 2 5 2 2 1 4 5 4 3 4 2 4 2 1 5 1 2 3 5 1 1 1 3 3 2 3 4 5 1 1 1 1 5 2 1 4 2 3 1 2 3 2 3 1 4 3 4 3 4 4 2 1 5 2 3 3 3 5 2 2 3 2 4 2 1 1 5 5 5 5 4 3 3 2 2 5 1 2 4 4 2 4 1 4 2 4 2 4 4 2 4 5 3 5 2 1 5 5 4 3 1 4 5 3 5 3 5 3 3 1 5 4 5 5 5 2 1 5 3 1 3 3 4 4 5 4 5 2 1 3 5 1 1 2 4 2 2 4 2 5 4 4 5 2 2 1 3 3 4 1 1 5 2 4 2 3 1 1 5 2 4 5 2 1 2 4 2 4 4 1 2 3 1 3 5 2 3 4 1 4 1 3 3 2 3 1 3 4 5 3 1 4 1 5 2 1 1 4 1 2 5 2 2 3 5 3 3 2 2 2 2 4 4 4 5 3 5 2 2 4 3 4 4 2 2 5 4 1 4 3 2 3 3 1 5 5 2 3 2 4 5 3 4 4 1 5 2 3 1 2 5 4 5 1 5 5 1 1 4 1 4 2 5 2 2 1 3 3 3 2 2 4 4 1 3 2 2 3 3 2 1 5 5 1 5 2 1 5 1 3 1 3 5 4 1 3 5 3 3 5 4 4 3 1 5 1 3 4 5 2 4 3 1 3 1 3 3 2 4 1 3 4 4 5 4 2 2 3 2 2 3 2 5 4 4 1 2 1 3 3 5 1 1 4 5 5 5 1 3 5 1 1 1 1 1 3 3 4 1 3 5 2 3 2 5 3 1 4 4 1 3 2 1 4 5 2 4 4 3 5 5 3 4 1 2 2 2 2 3 1 3 1 1 3 4 5 1 3 5 3 1 5 3 3 1 3 2 1 1 3 1 5 2 1 3 2 2 4 3 5 4 3 1 2 5 5 2 5 4 5 3 5 1 2 3 1 1 1 4 1 4 4 5 4 5 4 5 4 5 4 1 3 2 5 4 1 4 5 4 4 3 2 4 4 2 5 4 5 3 4 1 1 5 3 3 3 3 1 3 5 3 1 3 1 1 3 3 5 1 5 3 5 3 5 4 1 4 3 5 4 4 1 3 4 1 5 1 4 1 5 1 4 5 1 5 5 2 2 1 2 4 4 1 3 4 1 1 2 3 5 5 3 5 5 1 4 1 2 3 1 5 4 1 2 4 1 2 2 4 4 1 5 2 2 3 1 3 2 2 4 1 2 2 3 3 1 5 4 2 4 1 1 5 2 1 2 5 3 2 4 5 5 4 4 1 1 2 2 1 3 2 4 2 2 1 3 5 4 1 3 2 3 3 1 2 5 3 3 3 2 1 4 5 3 4 2 1 3 4 2 1 2 5 5 2 4 2 4 3 4 5 3 2 1 2 5 2 2 4 4 5 3 2 4 1 3 1 4 1 3 1 2 4 3 5 1 4 5 5 5 1 5 2 4 2 3 4 5 5 3 2 5 5 5 3 3 1 5 3 5 1 4 2 4 2 1 3 2 1 1 1 2 2 4 2 1 1 1 2 4 4 3 3 5 1 5 4 3 3 2 4 1 1 1 3 5 5 1 4 1 5 1 3 5 4 3 3 1 5 1 2 4 4 2 4 1 4 5 3 4 5 2 3 5 2 1 1 4 1 5 1 4 5 5 3 5 3 5 4 3 4 2 3 4 5 3 3 4 1 5 3 1 4 4 4 2 1 3 3 1 5 1 5 4 5 1 4 3 2 5 5 2 5 1 1 5 3 2 4 5 1 2 5 1 1 4 3 1 2 2 3 1 1 4 3 3 2 3 4 4 4 5 2 4 4 5 4 3 4 5 4 3 3 1 4 1 5 3 1 4 2 2 1 5 4 2 1 2 4 1 2 5 3 5 3 4 3 5 3 2 2 5 2 5 4 3 4 5 1 2 5 1 2 4 5 5 5 4 1 5 2 1 3 1 1 4 3 2 3 3 3 1 3 3 4 4 1 4 1 3 3 2 2 4 1 3 5 5 1 2 5 5 2 5 5 3 4 4 4 5 5 3 2 2 4 1 4 2 1 4 2 3 5 2 2 4 2 4 5 2 2 3 3 4 2 4 5 2 2 1 3 2 4 5 5 4 5 2 2 3 1 3 2 3 3 5 5 4 1 2 3 3 1 5 2 1 5 2 3 3 3 2 3 3 3 1 1 3 1 1 2 2 2 4 3 1 2 2 4 1 3 4 1 1 3 5 5 3 4 5 3 2 3 5 5 2 4 4 1 3 1 5 1 5 3 1 4 5 2 3 1 5 3 2 3 4 1 1 3 1 5 4 2 1 2 1 3 3 4 5 2 4 3 2 4 5 5 1 1 1 5 5 5 5 3 2 5 4 4 1 2 2 1 3 2 3 2 4 3 2 5 2 5 4 3 5 2 3 5 4 3 4 5 1 2 3 4 3 4 5 1 4 2 5 2 2 5 5 5 4 3 1 2 3 3 1 1 1 3 1 5 4 4 5 4 5 3 2 1 1 5 2 1 3 1 4 5 2 5 5 2 1 4 3 1 2 4 5 3 3 3 2 3 5 2 4 5 4 4 3 4 1 2 1 2 2 4 2 3 5 3 4 4 4 3 2 5 1 4 1 5 4 4 3 1 2 5 5 5 2 4 4 5 4 4 4 2 4 2 1 1 1 2 3 4 3 3 3 2 1 1 4 2 1 3 4 4 3 3 4 2 4 3 3 3 1 3 1 2 2 5 1 2 2 1 2 5 4 3 1 2 5 3 4 2 1 3 2 5 5 4 3 4 4 4 2 1 2 5 2 2 3 2 5 1 4 4 2 2 5 4 2 3 5 4 1 1 3 5 2 3 4 3 2 4 3 5 1 4 4 3 5 1 2 1 1 2 4 5 5 5 5 5 2 5 3 5 4 5 2 5 1 1 3 5 5 1 3 5 5 3 5 5 1 3 5 1 4 5 1 1 3 2 4 2 3 1 3 3 2 2 5 5 4 4 1 2 1 3 5 1 1 4 3 4 4 2 4 3 5 4 3 4 4 2 5 4 3 2 4 1 5 2 2 4 1 5 5 4 3 5 5 2 4 1 3 5 5 1 5 3 4 2 4 1 3 5 4 1 1 2 2 2 4 4 4 3 5 5 5 4 2 1 4 1 2 5 5 2 2 1 3 1 1 1 5 3 2 1 2 5 4 3 2 2 4 1 1 4 4 4 1 4 4 3 5 1 3 4 1 2 4 4 1 1 1 3 1 1 3 1 5 4 4 5 2 5 5 2 3 2 4 1 1 2 5 4 5 4 2 5 3 1 1 3 5 5 4 3 1 5 3 3 2 4 2 4 1 5 3 4 1 1 3 4 2 3 1 2 3 5 1 5 3 4 4 4 3 2 2 5 5 1 4 4 1 5 3 1 1 1 5 2 4 4 1 5 3 5 3 2 2 4 1 2 2 2 2 4 5 1 4 3 4 1 3 3 1 4 5 4 2 1 2 2 5 4 3 1 1 3 
0 2 1097 5
1 2 5516 2
2 1 7639
3 3 5225 5387
4 1 1821
5 3 3988 4400
6 3 7711 8005
7 3 661 4892
8 2 9530 1
9 1 6987
10 1 3622
11 3 2691 4055
12 1 4160
13 3 2244 9458
14 3 2528 5198
15 3 5166 6717
16 2 1926 3
17 1 2427
18 3 8325 9788
19 1 5173
20 2 8026 2
21 3 1545 2858
22 2 9491 4
23 3 7197 7917
24 1 5611
25 2 3933 1
26 1 1477
27 2 6996 3
28 1 1188
29 3 1699 7540
30 3 1782 6122
31 1 8584
32 2 8361 2
33 2 381 1
34 1 4662
35 2 9070 3
36 3 833 4086
37 3 411 3242
38 3 5272 8500
39 1 8036
40 1 7691
41 1 8693
42 2 299 3
43 2 1262 5
44 1 6445
45 1 3809
46 2 4817 3
47 3 6930 9369
48 2 1355 2
49 3 1591 9533
50 1 7226
51 1 6619
52 3 501 1619
53 2 168 4
54 2 6426 3
55 2 6993 4
56 3 3319 5735
57 2 1010 2
58 2 6928 1
59 1 2300
60 3 4166 4728
61 1 1190
62 2 2560 2
63 1 347
64 2 3763 2
65 2 7389 2
66 3 7028 8193
67 2 1964 1
68 3 2597 9989
69 3 1537 3517
70 2 6847 1
71 3 639 1743
72 1 9674
73 2 9930 1
74 2 683 4
75 3 5646 8146
76 2 145 4
77 1 3319
78 1 1524
79 1 7154
80 3 647 5198
81 3 1845 2612
82 2 9735 2
83 1 5891
84 1 6656
85 1 5844
86 3 7159 9128
87 2 4232 2
88 2 7535 3
89 1 9508
90 2 4010 2
91 1 1913
92 2 6470 3
93 1 8176
94 2 2513 4
95 2 5011 5
96 2 3885 5
97 3 8627 9231
98 2 2579 1
99 2 133 4
100 1 6189
101 1 7527
102 2 2958 4
103 2 3818 1
104 1 4380
105 2 1418 4
106 3 2619 4488
107 1 1859
108 2 6759 1
109 3 6741 7830
110 2 601 5
111 1 3516
112 3 887 1824
113 3 5035 5919
114 1 814
115 1 1728
116 1 5506
117 3 5315 5903
118 3 3368 5859
119 3 2708 5039
120 3 1048 8358
121 2 4981 4
122 3 5438 5445
123 3 1158 5611
124 2 7569 2
125 3 465 4785
126 2 8229 3
127 3 3663 5876
128 1 7046
129 3 579 6622
130 3 1656 3284
131 2 4089 2
132 1 3475
133 1 8933
134 3 437 1107
135 2 3289 1
136 2 837 2
137 1 5398
138 2 1064 2
139 1 1514
140 3 5794 8344
141 1 617
142 3 4903 6350
143 2 5830 4
144 1 2118
145 2 3077 5
146 2 3762 3
147 3 4965 5450
148 3 2947 9887
149 1 3940
150 2 6471 5
151 3 1241 8289
152 3 836 2603
153 1 2777
154 3 6444 7144
155 3 6937 9438
156 3 3705 7174
157 3 913 6087
158 3 342 6578
159 1 4673
160 1 6888
161 1 8880
162 2 5923 2
163 2 8932 4
164 3 3276 4183
165 3 1953 2475
166 3 8422 9983
167 2 5946 2
168 2 1959 2
169 3 1092 5564
170 1 9897
171 2 6825 3
172 3 2438 4228
173 3 7738 9424
174 1 3883
175 1 8839
176 3 6509 7139
177 2 11 3
178 2 5651 1
179 3 4309 6484
180 1 7000
181 1 3983
182 2 3078 3
183 1 8434
184 3 2280 4081
185 3 3240 3330
186 3 5518 6748
187 2 8292 2
188 2 7029 5
189 2 580 1
190 3 1871 8223
191 2 3998 5
192 3 7501 9111
193 3 3303 8826
194 3 2283 3269
195 1 722
196 2 8549 5
197 1 7321
198 3 1547 9055
199 3 1762 5836
200 2 9352 5
201 1 9553
202 2 3043 3
203 1 878
204 3 2800 6502
205 2 1155 5
206 3 3645 4792
207 3 4033 7957
208 1 8428
209 1 1929
210 1 29
211 3 2575 5953
212 1 2709
213 1 4072
214 1 9598
215 1 3823
216 2 7158 2
217 1 2902
218 2 5729 3
219 3 7552 8959
220 2 4791 2
221 3 1473 1687
222 3 1722 2487
223 2 7734 1
224 3 979 8968
225 3 3500 3596
226 2 3090 4
227 3 4452 8272
228 1 6793
229 2 5598 2
230 2 9413 1
231 3 1192 4388
232 2 6253 3
233 2 5616 4
234 1 6034
235 1 5600
236 2 360 5
237 3 1950 3307
238 1 3268
239 1 5085
240 3 3576 7559
241 3 332 4684
242 1 4548
243 2 3290 4
244 2 1504 4
245 3 1782 8745
246 1 9601
247 2 4427 1
248 3 452 9497
249 1 4059
250 2 9475 3
251 1 8758
252 3 1685 6590
253 3 2785 3521
254 2 9463 2
255 2 7117 2
256 2 1986 2
257 3 6767 9392
258 2 8677 1
259 2 7853 1
260 3 4040 4277
261 1 1789
262 1 549
263 3 4007 7769
264 1 7818
265 3 5743 8671
266 1 4520
267 1 2584
268 1 1099
269 3 1512 7696
270 2 8746 3
271 2 6809 3
272 3 80 5559
273 2 1924 2
274 2 6741 4
275 2 6543 2
276 3 803 4970
277 2 1856 4
278 2 7509 4
279 2 1655 5
280 1 4099
281 1 4196
282 2 6462 5
283 3 3676 7853
284 2 957 2
285 1 6339
286 1 2890
287 1 1590
288 1 2696
289 2 1481 5
290 1 696
291 3 7164 8881
292 3 1827 8369
293 2 2020 1
294 2 4856 5
295 3 2885 8257
296 1 4212
297 3 3647 5031
298 1 6206
299 1 4533
300 2 2503 5
301 2 614 3
302 3 1095 6053
303 3 497 8517
304 2 398 5
305 3 989 1656
306 1 7236
307 3 1176 6823
308 2 48 2
309 1 1371
310 3 4177 5788
311 2 3016 5
312 1 1182
313 2 1594 5
314 2 3905 5
315 2 7061 2
316 2 23 1
317 3 695 4407
318 2 5072 5
319 2 2011 5
320 2 1253 5
321 1 5655
322 2 463 2
323 1 7172
324 2 2231 3
325 2 7510 5
326 2 497 5
327 1 5525
328 1 538
329 1 4859
330 1 885
331 3 1382 3721
332 1 3533
333 3 1146 8839
334 3 4999 6568
335 1 5815
336 3 5267 9317
337 2 943 4
338 1 551
339 1 3178
340 3 148 6958
341 3 6229 9958
342 2 7635 1
343 1 2008
344 3 2086 9801
345 2 8015 1
346 2 253 2
347 3 7433 9562
348 1 9318
349 2 8028 4
350 1 9325
351 1 4527
352 1 7631
353 1 215
354 2 4252 5
355 3 5447 8937
356 1 7638
357 3 3884 3886
358 3 1074 9136
359 2 9039 4
360 1 7160
361 3 4076 8288
362 2 8138 3
363 2 674 3
364 1 2959
365 2 2536 3
366 3 3099 8354
367 2 4806 2
368 1 6517
369 3 1796 5854
370 3 3857 5176
371 1 4511
372 1 5451
373 3 979 8996
374 3 3551 9460
375 1 5136
376 3 1418 5238
377 3 6607 7156
378 1 5510
379 1 9452
380 3 5264 9379
381 1 4845
382 2 4180 5
383 3 2696 9373
384 1 156
385 1 2403
386 1 7377
387 1 7908
388 2 7042 4
389 3 2567 4960
390 1 7155
391 1 2591
392 2 5259 1
393 1 5737
394 1 2127
395 2 5159 3
396 1 6134
397 3 1472 3091
398 2 7388 2
399 3 2309 5429
400 3 535 1334
401 1 7800
402 2 7112 2
403 1 3685
404 2 8649 4
405 2 3948 1
406 1 9610
407 1 5681
408 3 1277 9805
409 3 2115 4972
410 2 90 5
411 3 710 2382
412 3 9201 9588
413 3 5009 6577
414 1 6912
415 3 8994 9853
416 3 7404 8297
417 3 2808 8893
418 2 3811 4
419 3 1680 9925
420 3 1440 2242
421 1 7338
422 1 381
423 3 1416 7944
424 3 296 8908
425 1 5968
426 2 3284 2
427 2 9388 3
428 1 2255
429 1 3817
430 3 958 3739
431 1 1784
432 3 2087 5076
433 2 1794 1
434 3 22 7402
435 2 8620 2
436 3 1455 3257
437 3 5954 9153
438 1 6552
439 2 2102 4
440 1 373
441 2 9610 4
442 2 6258 2
443 1 5930
444 2 1861 1
445 1 7638
446 3 1 6035
447 1 6860
448 3 759 8481
449 3 6072 7823
450 2 3639 1
451 2 4202 5
452 3 6859 8828
453 2 6558 3
454 1 6931
455 3 1905 2245
456 3 6335 7286
457 3 2477 7926
458 3 6970 9885
459 2 9659 1
460 2 3049 1
461 2 4570 1
462 1 5579
463 2 129 1
464 3 2147 9003
465 2 8187 1
466 2 9034 3
467 1 2359
468 1 5924
469 2 5813 4
470 1 3222
471 2 4267 3
472 3 8160 8743
473 1 7338
474 1 4209
475 1 8065
476 2 666 2
477 2 4077 1
478 2 1544 1
479 2 7076 4
480 2 332 2
481 2 9036 4
482 3 241 2838
483 2 1784 4
484 3 8025 9819
485 3 8722 9679
486 2 5856 1
487 3 1660 8923
488 2 233 3
489 2 9153 1
490 1 171
491 1 8149
492 2 6411 1
493 3 2811 4663
494 1 5029
495 1 1624
496 2 5349 2
497 3 1835 4699
498 1 9361
499 1 7484
500 2 1232 5
501 1 4760
502 3 7539 8209
503 3 1842 4954
504 2 4773 2
505 2 5002 1
506 3 4911 7939
507 1 457
508 2 7466 3
509 1 6347
510 1 7403
511 3 4381 8710
512 3 2804 3464
513 3 6841 7917
514 3 6139 8189
515 3 5390 6934
516 2 3310 2
517 2 2663 4
518 1 3627
519 2 460 5
520 2 6578 3
521 3 3126 3793
522 3 297 9327
523 3 6913 7642
524 3 6540 8715
525 1 5948
526 2 608 2
527 2 888 3
528 1 4072
529 2 364 3
530 1 4150
531 1 1721
532 2 4550 3
533 3 7438 9958
534 3 2696 9277
535 2 4708 3
536 3 5088 7428
537 3 5188 6610
538 3 6249 9570
539 2 536 5
540 2 8451 3
541 2 1968 5
542 2 1897 1
543 3 7158 9814
544 3 5628 6784
545 2 3949 5
546 2 6387 1
547 3 1769 5607
548 3 5414 8407
549 2 9430 4
550 3 1705 1739
551 2 3177 1
552 3 5384 7402
553 1 3138
554 3 2698 8560
555 1 4078
556 3 4244 5877
557 2 6429 1
558 2 3708 1
559 1 9168
560 1 7884
561 3 6978 8517
562 2 7672 3
563 2 3880 5
564 2 9971 3
565 1 584
566 2 140 5
567 3 1638 7781
568 3 921 7501
569 1 2824
570 2 2037 2
571 3 2127 3695
572 1 3914
573 3 2078 5256
574 3 7657 9396
575 3 3542 3885
576 2 6087 4
577 2 1036 2
578 1 4703
579 2 6458 5
580 3 2271 3420
581 1 790
582 3 7328 9857
583 2 3306 2
584 1 1768
585 3 5661 6784
586 1 3537
587 3 3500 4900
588 2 5961 1
589 1 4027
590 3 2465 5432
591 2 95 4
592 3 2224 5877
593 3 7077 8379
594 1 941
595 2 2321 4
596 1 1963
597 3 1505 5435
598 1 290
599 3 144 3476
600 3 5781 8260
601 1 9746
602 3 5785 9205
603 2 962 3
604 3 4593 7272
605 2 6197 1
606 3 6155 8035
607 3 841 9961
608 2 3690 5
609 1 912
610 3 6101 6850
611 1 6820
612 1 4897
613 2 7885 2
614 3 6672 7953
615 3 6123 7351
616 3 1926 3711
617 1 977
618 1 6737
619 1 579
620 2 8997 4
621 3 1837 2251
622 2 567 1
623 2 3003 4
624 1 1997
625 2 3392 4
626 3 6040 7875
627 2 2043 2
628 1 3126
629 2 6173 2
630 3 1558 1859
631 1 8752
632 1 2133
633 1 6694
634 3 4311 6424
635 1 494
636 2 2855 4
637 3 3479 7871
638 1 440
639 2 1029 1
640 1 5541
641 3 5558 9924
642 2 9252 5
643 1 7386
644 3 1269 2291
645 2 5535 4
646 3 864 2376
647 3 89 4710
648 3 269 929
649 1 6741
650 3 946 4494
651 2 3174 1
652 3 3026 4477
653 1 3940
654 2 3421 4
655 3 3433 4518
656 3 2506 9871
657 3 7287 9878
658 2 9975 2
659 1 303
660 3 3865 5008
661 2 5003 3
662 1 4868
663 2 7814 3
664 3 5974 8181
665 1 7104
666 1 9945
667 3 5325 8742
668 1 7645
669 3 274 6287
670 1 1556
671 3 2903 5597
672 1 2764
673 1 8940
674 2 5687 3
675 3 6954 9955
676 3 701 9773
677 3 2592 7909
678 3 4080 7801
679 3 2835 3976
680 1 4848
681 2 1097 4
682 2 4192 2
683 2 4165 2
684 3 7618 8058
685 3 5399 7142
686 2 3159 5
687 2 6784 1
688 3 4555 8451
689 1 5357
690 1 4421
691 3 9456 9981
692 3 2713 4601
693 1 8070
694 2 8301 1
695 2 7216 1
696 3 2485 3883
697 2 8483 2
698 2 1671 4
699 3 105 9262
700 3 502 1766
701 2 9478 3
702 3 6151 6449
703 3 7007 8896
704 3 581 998
705 2 8646 1
706 1 9410
707 3 8064 9442
708 2 7726 3
709 3 2602 5854
710 1 5622
711 1 7058
712 2 9597 5
713 1 8395
714 2 2479 1
715 3 6464 9633
716 3 892 8291
717 3 4163 9682
718 2 298 5
719 1 3068
720 3 5648 8054
721 3 1827 4535
722 1 4367
723 3 799 3901
724 2 4130 4
725 1 7093
726 2 8374 4
727 1 2291
728 3 3112 3537
729 1 1883
730 2 419 1
731 2 1956 3
732 3 2696 5682
733 3 6282 8527
734 3 7954 7967
735 2 474 4
736 1 8490
737 2 1070 5
738 2 4473 4
739 3 8456 9358
740 1 9828
741 1 6575
742 3 4735 9980
743 2 9334 1
744 3 315 519
745 1 5533
746 2 7213 3
747 1 6465
748 1 1313
749 3 616 9259
750 3 6288 7494
751 1 6062
752 3 3557 6609
753 3 3354 7678
754 2 1736 2
755 2 9491 2
756 1 1374
757 2 4239 3
758 2 701 1
759 3 1513 3215
760 2 950 5
761 1 2394
762 3 3521 7509
763 3 3852 5006
764 2 7036 3
765 1 5019
766 2 169 5
767 3 3941 7298
768 1 5388
769 2 7384 5
770 1 7708
771 3 2661 4478
772 2 915 5
773 1 7971
774 1 572
775 1 5553
776 1 5351
777 3 3636 5232
778 3 1344 9909
779 2 1291 4
780 2 2029 4
781 2 4079 5
782 3 4883 6184
783 3 415 2556
784 1 2270
785 2 3699 1
786 2 353 5
787 1 2514
788 1 8058
789 3 1684 4120
790 1 2768
791 2 2507 4
792 3 5537 6738
793 1 9968
794 1 9787
795 2 255 2
796 1 9405
797 1 1755
798 1 5792
799 2 8307 5
800 3 878 5017
801 1 2290
802 1 9687
803 1 5635
804 3 1757 4536
805 2 6369 2
806 1 8516
807 1 9471
808 2 796 2
809 3 4913 7610
810 2 1573 4
811 1 7243
812 2 2510 2
813 1 9140
814 2 1303 5
815 2 5577 3
816 1 2685
817 2 2595 2
818 1 5334
819 2 40 5
820 1 7486
821 1 1600
822 2 1131 5
823 2 9952 2
824 2 626 1
825 1 9303
826 2 8820 1
827 1 2931
828 2 5082 5
829 1 1662
830 2 6560 5
831 1 5976
832 3 6256 9517
833 1 3758
834 2 8865 4
835 2 8254 1
836 3 3463 8079
837 3 1100 1110
838 3 5148 8143
839 1 5348
840 1 3696
841 1 3933
842 1 5073
843 2 6728 4
844 1 9297
845 2 9952 1
846 1 2530
847 2 5422 3
848 2 2167 2
849 3 5421 6382
850 3 3416 4397
851 3 7308 8821
852 3 386 8432
853 2 5612 2
854 3 5004 7121
855 3 338 7829
856 2 4782 4
857 3 1537 9659
858 3 5013 5842
859 2 2082 5
860 1 3532
861 2 6458 1
862 2 923 4
863 2 3237 4
864 2 9639 2
865 2 8731 4
866 3 282 2059
867 2 7149 5
868 2 3084 5
869 2 1865 2
870 1 8552
871 2 7469 2
872 1 2300
873 3 2499 9393
874 2 1413 2
875 1 7922
876 1 5935
877 1 6721
878 1 9424
879 2 2036 4
880 1 9839
881 3 4383 5420
882 1 6956
883 2 5244 1
884 2 3039 2
885 1 9447
886 3 29 2667
887 2 4579 1
888 3 3094 6367
889 2 3508 1
890 1 5355
891 3 2912 3804
892 2 2660 5
893 3 2265 8504
894 3 4422 8150
895 1 1983
896 3 3798 7777
897 2 4681 1
898 2 8231 2
899 2 2981 5
900 2 4614 4
901 2 4986 3
902 1 5000
903 1 7781
904 3 3279 3886
905 1 828
906 2 9688 3
907 3 4372 9132
908 3 2184 2678
909 2 6822 5
910 1 8759
911 1 8019
912 3 8492 9525
913 1 8512
914 1 27
915 1 5248
916 1 7675
917 3 6032 7496
918 2 6987 1
919 1 7640
920 1 5941
921 2 5599 2
922 1 6550
923 3 2901 7483
924 2 8577 5
925 2 5677 5
926 2 2134 3
927 1 592
928 3 683 6785
929 2 3059 5
930 1 941
931 1 3687
932 3 1011 4425
933 2 8605 1
934 3 2280 7451
935 1 9298
936 3 723 6591
937 2 2706 1
938 1 5471
939 2 963 2
940 1 4801
941 2 7461 2
942 2 7710 3
943 2 5982 3
944 1 6733
945 3 1515 2697
946 1 192
947 3 27 2405
948 1 8188
949 3 6943 9467
950 1 2102
951 3 1986 2667
952 2 9245 3
953 1 8919
954 2 3908 3
955 1 9041
956 2 8549 4
957 2 949 3
958 1 5960
959 1 72
960 1 8377
961 1 7299
962 1 6110
963 3 1382 2915
964 2 5221 4
965 2 7173 4
966 1 5063
967 3 5038 6160
968 3 5881 5997
969 1 9024
970 2 3503 1
971 3 3189 9016
972 2 5745 5
973 1 3368
974 1 2649
975 2 1934 2
976 1 3895
977 1 9401
978 2 9457 1
979 1 5802
980 3 3281 4036
981 3 518 8826
982 3 6739 9484
983 3 3031 7271
984 3 7168 9583
985 1 3663
986 1 2076
987 3 262 7251
988 2 4469 4
989 3 2003 2781
990 1 8803
991 2 1101 4
992 2 4805 2
993 2 1097 5
994 1 6516
995 1 3646
996 3 3601 8576
997 1 9659
998 3 3504 6615
999 3 3372 6942
1000 2 8777 3
1001 2 6271 4
1002 3 2975 6414
1003 1 6316
1004 3 1201 1998
1005 3 648 8267
1006 2 4807 3
1007 2 4084 5
1008 1 9328
1009 2 5818 4
1010 3 737 3216
1011 1 1508
1012 2 482 4
1013 2 9777 3
1014 3 6269 6707
1015 3 2916 6406
1016 2 4106 3
1017 2 8794 3
1018 3 1688 4985
1019 3 5347 7581
1020 1 871
1021 3 1670 4873
1022 3 6778 9619
1023 2 8926 2
1024 2 2481 3
1025 1 2345
1026 1 8670
1027 3 1636 6114
1028 3 505 4719
1029 3 2915 8915
1030 2 5802 4
1031 1 7340
1032 3 193 5197
1033 1 1190
1034 3 630 4283
1035 2 5135 3
1036 2 7790 1
1037 3 1172 9537
1038 3 7681 7791
1039 1 6523
1040 3 767 7668
1041 3 4909 6611
1042 2 7175 4
1043 1 3627
1044 2 8655 3
1045 3 1785 3339
1046 1 3807
1047 3 1615 8012
1048 3 7447 7469
1049 3 4694 6949
1050 2 4148 2
1051 3 3194 5602
1052 2 7327 5
1053 1 212
1054 2 3024 3
1055 1 4154
1056 2 9358 3
1057 3 7659 9447
1058 3 883 5886
1059 3 4191 7950
1060 2 9003 1
1061 1 8318
1062 1 344
1063 1 5858
1064 3 4715 6946
1065 1 5570
1066 3 4274 5949
1067 2 8998 1
1068 3 4379 5858
1069 3 2761 6238
1070 2 7545 5
1071 3 2932 8656
1072 2 8966 3
1073 2 8324 3
1074 3 522 1040
1075 3 5746 8041
1076 2 3834 1
1077 2 7035 1
1078 1 2857
1079 2 515 3
1080 1 8202
1081 1 881
1082 3 1216 7693
1083 1 9329
1084 1 7537
1085 2 8984 2
1086 3 4005 8162
1087 1 2068
1088 3 7191 8223
1089 3 583 7951
1090 1 7935
1091 1 1002
1092 2 6740 5
1093 3 4833 6303
1094 2 6940 2
1095 3 5208 7879
1096 2 5173 5
1097 3 3759 9131
1098 3 3612 6500
1099 2 53 3
1100 1 4255
1101 2 6290 3
1102 3 4749 4997
1103 2 2793 2
1104 3 1461 3786
1105 3 5722 7918
1106 3 603 7399
1107 3 3734 9921
1108 3 7160 7222
1109 1 2460
1110 3 2486 9587
1111 1 2397
1112 3 4628 8987
1113 2 2574 3
1114 3 2256 6852
1115 1 7330
1116 3 805 4664
1117 1 1315
1118 2 9521 2
1119 1 4330
1120 1 3816
1121 1 5635
1122 1 5652
1123 3 1943 4987
1124 3 6044 9584
1125 2 3452 5
1126 1 9183
1127 3 3860 4513
1128 1 173
1129 2 8397 5
1130 1 1074
1131 3 1154 6752
1132 1 3904
1133 3 4254 4954
1134 2 8642 2
1135 2 2799 2
1136 3 509 9592
1137 1 2607
1138 1 5004
1139 2 4031 1
1140 1 5163
1141 3 2259 3108
1142 1 6614
1143 1 29
1144 1 8229
1145 1 5730
1146 2 6692 1
1147 2 7123 1
1148 2 4761 5
1149 3 1807 7810
1150 1 3942
1151 2 2231 3
1152 2 8032 1
1153 3 1849 4293
1154 3 4156 7917
1155 3 1045 6840
1156 3 1949 4973
1157 2 8454 5
1158 1 5243
1159 3 3684 8472
1160 3 6710 7537
1161 3 1679 8116
1162 1 5003
1163 3 2985 8507
1164 3 3538 6054
1165 1 1312
1166 1 9146
1167 1 2523
1168 3 2832 7903
1169 2 2618 5
1170 3 727 4986
1171 2 1072 5
1172 1 1005
1173 2 4314 3
1174 2 8852 2
1175 3 833 1517
1176 1 3850
1177 2 7966 2
1178 3 3778 8742
1179 3 4372 7437
1180 3 8230 8582
1181 2 5040 2
1182 2 4295 3
1183 3 876 8834
1184 1 8798
1185 1 5651
1186 3 742 6004
1187 1 3731
1188 2 3771 1
1189 1 2436
1190 3 2717 6093
1191 2 4736 3
1192 1 2950
1193 1 9011
1194 1 7062
1195 3 6896 8369
1196 3 1924 9276
1197 2 6769 2
1198 2 4881 3
1199 1 5286
1200 2 8607 4
1201 3 534 1221
1202 1 6735
1203 2 3969 3
1204 2 9270 1
1205 1 4575
1206 3 8560 8989
1207 1 7576
1208 2 7818 2
1209 1 3940
1210 2 4555 5
1211 1 6325
1212 3 4681 5689
1213 1 9189
1214 3 150 8639
1215 3 178 8072
1216 2 3792 3
1217 3 5025 7429
1218 1 7324
1219 2 375 4
1220 3 6384 7453
1221 2 4624 5
1222 3 1574 2872
1223 1 3572
1224 3 225 6792
1225 3 8676 9590
1226 1 8869
1227 1 4347
1228 3 1327 2436
1229 2 3792 3
1230 3 1197 9054
1231 2 121 1
1232 3 7799 9970
1233 1 1477
1234 1 4639
1235 3 8329 9836
1236 1 2646
1237 3 1244 9873
1238 1 4598
1239 2 9623 3
1240 1 6014
1241 3 305 4456
1242 3 993 6392
1243 1 4769
1244 1 1761
1245 1 7605
1246 2 7982 5
1247 2 3332 5
1248 3 3329 7527
1249 1 5253
1250 2 7545 1
1251 1 4642
1252 3 3174 6076
1253 2 597 5
1254 1 5580
1255 3 6073 7352
1256 3 5774 9834
1257 1 8215
1258 1 2062
1259 1 975
1260 2 170 4
1261 2 5577 4
1262 3 5687 9248
1263 2 1543 1
1264 2 3887 4
1265 2 7034 3
1266 3 6655 9556
1267 3 9283 9292
1268 3 3235 6734
1269 2 7730 5
1270 3 5655 6931
1271 2 5936 2
1272 1 9933
1273 2 4478 3
1274 1 2282
1275 3 3542 9895
1276 1 8245
1277 1 1156
1278 2 8571 3
1279 2 4617 3
1280 2 5099 3
1281 2 8545 5
1282 1 8924
1283 3 4172 8622
1284 1 2696
1285 2 9071 5
1286 3 2698 6147
1287 3 430 8332
1288 1 4470
1289 2 2217 5
1290 1 7395
1291 1 5118
1292 2 7362 4
1293 3 5390 8392
1294 2 4062 5
1295 1 764
1296 3 4852 6725
1297 2 4120 1
1298 1 9654
1299 3 3369 6988
1300 2 7428 5
1301 3 3134 4049
1302 3 8931 9490
1303 1 2313
1304 1 4815
1305 2 2120 1
1306 1 588
1307 3 6103 8580
1308 3 1349 8620
1309 1 9139
1310 3 2693 5653
1311 1 7055
1312 1 857
1313 1 459
1314 3 1190 6530
1315 1 4375
1316 2 5274 2
1317 1 4545
1318 1 1835
1319 2 9427 4
1320 1 5210
1321 1 4323
1322 2 4717 2
1323 1 1341
1324 3 6298 9971
1325 1 9468
1326 2 8188 3
1327 3 2280 4374
1328 2 5321 4
1329 1 3506
1330 1 2411
1331 2 7058 5
1332 1 7858
1333 2 3286 2
1334 3 7898 8869
1335 3 400 5510
1336 2 47 4
1337 2 6979 2
1338 2 8053 5
1339 3 4211 6148
1340 1 9629
1341 1 8844
1342 2 7746 1
1343 3 3988 5088
1344 1 2012
1345 1 2801
1346 1 817
1347 3 1197 5063
1348 2 618 5
1349 1 3645
1350 2 704 1
1351 3 3373 4770
1352 1 5510
1353 1 9212
1354 3 1854 9875
1355 3 2264 6702
1356 3 525 3258
1357 1 856
1358 3 52 8602
1359 1 7368
1360 1 3936
1361 1 4650
1362 2 4789 2
1363 3 5069 6755
1364 3 4211 8398
1365 2 8678 4
1366 2 9473 5
1367 2 6494 5
1368 3 7812 8964
1369 1 5233
1370 2 119 2
1371 3 813 3025
1372 1 6551
1373 3 1606 4979
1374 1 6365
1375 3 1112 5314
1376 2 6860 2
1377 3 1290 4525
1378 1 8263
1379 1 9192
1380 2 5079 5
1381 3 2356 5938
1382 1 7590
1383 1 739
1384 1 3270
1385 3 8467 9470
1386 2 5824 3
1387 2 2508 3
1388 2 5073 3
1389 2 5650 4
1390 2 4983 4
1391 1 9698
1392 1 5440
1393 1 1545
1394 2 9523 1
1395 3 4995 8007
1396 3 1013 7688
1397 2 8337 1
1398 3 4796 7320
1399 2 7191 1
1400 3 675 5180
1401 1 7359
1402 1 6110
1403 3 1846 7980
1404 2 6739 2
1405 3 7804 8343
1406 2 4051 3
1407 1 9067
1408 3 6419 8498
1409 1 4209
1410 3 355 1060
1411 2 3452 5
1412 2 148 5
1413 2 666 1
1414 1 4978
1415 3 5425 8662
1416 1 6780
1417 2 5495 4
1418 1 8746
1419 3 3228 5555
1420 2 7322 1
1421 1 3589
1422 1 4775
1423 3 831 6294
1424 2 8241 1
1425 1 1237
1426 2 8494 1
1427 3 283 4161
1428 1 9509
1429 3 1188 8241
1430 2 9459 2
1431 1 2946
1432 1 5757
1433 2 4955 2
1434 3 3017 7725
1435 2 4950 2
1436 3 2116 9178
1437 2 5352 5
1438 3 3755 4428
1439 1 7995
1440 2 2115 1
1441 2 2588 4
1442 2 7579 5
1443 3 2018 2302
1444 1 5441
1445 1 7777
1446 2 77 5
1447 1 7235
1448 1 8443
1449 1 5331
1450 1 4458
1451 1 6599
1452 3 7801 7831
1453 3 2217 3803
1454 3 3751 4144
1455 2 622 4
1456 3 2603 9061
1457 3 3392 6073
1458 3 7220 8663
1459 2 3760 5
1460 1 2122
1461 1 5308
1462 2 5241 5
1463 2 2208 5
1464 3 7344 7780
1465 2 1591 5
1466 2 485 2
1467 1 6145
1468 2 3312 4
1469 2 9562 1
1470 3 2997 3166
1471 3 1037 9524
1472 3 6676 8263
1473 2 6457 4
1474 3 2011 3650
1475 3 308 6920
1476 1 7054
1477 2 7763 5
1478 2 8018 5
1479 3 6484 7918
1480 3 7448 8508
1481 2 8601 4
1482 2 4203 2
1483 1 8840
1484 3 3890 6449
1485 2 6258 1
1486 2 5186 4
1487 2 2913 3
1488 1 2796
1489 1 620
1490 2 3038 1
1491 3 1502 7187
1492 1 5539
1493 1 2147
1494 1 3271
1495 2 4316 3
1496 1 3087
1497 1 4258
1498 1 465
1499 2 7505 2
1500 2 443 5
1501 1 434
1502 2 1020 3
1503 2 973 1
1504 2 1994 4
1505 1 7620
1506 2 4117 3
1507 2 6401 5
1508 3 401 5725
1509 1 2930
1510 3 34 1757
1511 1 5530
1512 3 1252 9792
1513 2 1143 5
1514 2 1637 5
1515 2 9056 1
1516 2 679 1
1517 2 5310 4
1518 1 2921
1519 1 6972
1520 3 7581 9813
1521 1 8738
1522 1 190
1523 3 1591 5662
1524 2 3688 1
1525 3 1921 8677
1526 2 8966 3
1527 3 2012 2703
1528 1 3209
1529 1 9228
1530 2 6320 4
1531 2 6279 4
1532 1 9698
1533 1 7669
1534 3 2262 4732
1535 3 2780 7159
1536 2 9442 4
1537 2 1659 3
1538 3 785 6929
1539 1 1258
1540 1 6367
1541 1 6027
1542 2 808 1
1543 2 6687 5
1544 3 4912 6142
1545 2 9809 4
1546 1 4884
1547 1 8052
1548 3 6493 8524
1549 1 6247
1550 2 4449 4
1551 3 7195 7292
1552 1 774
1553 3 3691 6429
1554 2 9403 4
1555 3 1730 5969
1556 3 1501 8417
1557 2 3894 3
1558 1 8949
1559 2 6069 5
1560 1 946
1561 2 9105 3
1562 1 3137
1563 1 694
1564 3 2278 3801
1565 3 3263 6457
1566 1 8250
1567 3 4532 7949
1568 1 4952
1569 3 3620 5819
1570 1 2350
1571 1 7221
1572 1 3076
1573 3 122 9648
1574 1 9128
1575 2 9507 5
1576 2 6815 4
1577 3 5561 7881
1578 3 4267 7331
1579 3 1894 4713
1580 3 5503 9267
1581 2 56 3
1582 1 9807
1583 2 7859 1
1584 2 7843 1
1585 1 6778
1586 3 7821 8286
1587 1 1677
1588 1 9619
1589 3 6549 9391
1590 1 335
1591 2 2229 1
1592 2 8124 2
1593 3 730 9431
1594 3 2468 3346
1595 1 377
1596 2 4241 5
1597 1 588
1598 3 615 6196
1599 1 7681
1600 3 234 5863
1601 1 7122
1602 2 2407 5
1603 3 2849 8111
1604 3 7703 9806
1605 3 1805 4969
1606 1 1159
1607 2 8995 2
1608 1 3705
1609 2 8360 4
1610 1 2413
1611 2 5426 2
1612 3 323 8361
1613 3 7302 9792
1614 2 6236 3
1615 3 5414 7067
1616 1 7353
1617 3 3352 8885
1618 3 5202 5866
1619 2 7724 2
1620 2 8080 2
1621 2 8410 4
1622 1 2470
1623 3 1071 2898
1624 1 6533
1625 3 4270 9378
1626 2 258 1
1627 3 2408 5067
1628 1 8887
1629 3 8109 9498
1630 1 9808
1631 2 2921 4
1632 3 6143 9068
1633 2 8085 5
1634 1 5185
1635 3 1980 3676
1636 1 1049
1637 2 4777 2
1638 3 2872 3705
1639 3 6302 7199
1640 2 1832 3
1641 2 6124 4
1642 2 4955 2
1643 3 2426 6595
1644 1 8772
1645 1 3639
1646 2 8659 1
1647 1 8979
1648 3 7055 9956
1649 3 1449 2424
1650 2 2853 2
1651 2 7105 4
1652 3 6824 9894
1653 3 1534 6791
1654 2 4506 5
1655 1 9469
1656 3 151 187
1657 1 8385
1658 1 8682
1659 2 9721 1
1660 2 3275 2
1661 3 598 2055
1662 3 1637 7912
1663 1 7278
1664 2 7688 4
1665 3 2443 5384
1666 1 4426
1667 2 2097 1
1668 3 416 457
1669 3 411 5784
1670 3 4782 6799
1671 1 3092
1672 3 1807 8960
1673 3 329 5467
1674 2 3280 1
1675 1 2761
1676 2 5935 1
1677 3 8301 9535
1678 1 7411
1679 1 8252
1680 2 6896 1
1681 1 6372
1682 3 1685 3962
1683 2 4001 4
1684 1 8704
1685 2 7384 3
1686 1 1193
1687 3 2532 6194
1688 3 1866 9423
1689 3 3396 8622
1690 2 1226 1
1691 3 3874 5991
1692 1 2227
1693 1 4294
1694 2 7874 2
1695 1 4921
1696 2 9573 2
1697 3 4708 8546
1698 1 2321
1699 1 2232
1700 3 556 6513
1701 3 8056 9081
1702 2 9873 2
1703 3 1547 5147
1704 3 6033 9433
1705 2 8847 2
1706 3 838 2207
1707 1 2474
1708 2 4424 1
1709 1 8130
1710 2 3933 4
1711 1 50
1712 1 2602
1713 1 5181
1714 1 9179
1715 3 1242 5824
1716 1 7324
1717 1 4149
1718 3 778 4300
1719 2 1491 5
1720 2 3858 4
1721 2 3395 4
1722 3 5910 6726
1723 3 5242 7974
1724 1 8086
1725 1 759
1726 1 6
1727 2 3940 1
1728 1 7899
1729 1 4635
1730 3 7156 7778
1731 2 3719 3
1732 3 542 4416
1733 3 5717 6435
1734 1 9641
1735 1 9590
1736 2 1622 5
1737 2 3810 2
1738 3 3588 3877
1739 3 2522 4250
1740 1 6477
1741 3 1711 7094
1742 2 6560 3
1743 2 3865 5
1744 1 2970
1745 3 4893 5724
1746 1 6433
1747 1 5802
1748 1 5442
1749 2 1229 5
1750 1 3618
1751 2 5147 1
1752 2 1763 5
1753 2 4060 5
1754 1 4133
1755 3 9590 9994
1756 1 3825
1757 3 4092 8464
1758 2 4969 5
1759 3 8398 8810
1760 2 3703 1
1761 2 9672 2
1762 1 3908
1763 3 679 6875
1764 1 3972
1765 3 555 5787
1766 1 5129
1767 2 8459 2
1768 1 7848
1769 3 2011 5892
1770 1 5826
1771 2 5154 5
1772 2 9987 1
1773 2 2910 2
1774 3 3036 7886
1775 2 7211 5
1776 2 6270 3
1777 1 6784
1778 2 9822 3
1779 1 9086
1780 3 2204 5050
1781 2 121 2
1782 1 9191
1783 3 5934 8917
1784 3 3863 6133
1785 1 4271
1786 2 3001 1
1787 1 2307
1788 2 8805 1
1789 2 7632 3
1790 1 518
1791 1 8031
1792 1 869
1793 1 9730
1794 3 34 8449
1795 3 3771 7824
1796 1 1969
1797 1 5282
1798 2 690 5
1799 3 4183 8964
1800 2 9972 4
1801 2 2458 4
1802 1 2629
1803 3 3202 4111
1804 1 5722
1805 1 3268
1806 3 2270 7861
1807 2 9007 4
1808 3 1875 4521
1809 1 5183
1810 2 8579 2
1811 2 789 1
1812 1 3789
1813 3 486 9778
1814 3 4083 9426
1815 2 2339 3
1816 1 222
1817 2 2045 5
1818 3 4721 9872
1819 2 9861 4
1820 2 1556 3
1821 2 6066 5
1822 3 6123 9361
1823 1 8033
1824 2 4896 5
1825 1 6249
1826 3 230 4784
1827 2 7830 2
1828 2 4456 5
1829 1 1013
1830 3 2089 8963
1831 2 5535 3
1832 2 1614 4
1833 2 8791 4
1834 2 8162 2
1835 3 1252 1689
1836 2 5454 3
1837 2 6659 4
1838 2 4494 2
1839 1 1864
1840 2 9478 2
1841 1 9909
1842 3 7777 8378
1843 3 4779 5282
1844 3 6727 8810
1845 2 3462 5
1846 3 5411 6402
1847 2 2973 4
1848 1 5230
1849 3 576 3231
1850 1 339
1851 1 7404
1852 1 4434
1853 3 6031 7925
1854 2 7488 1
1855 1 5918
1856 2 2967 3
1857 2 2355 2
1858 2 545 3
1859 1 5960
1860 3 531 1842
1861 2 5454 2
1862 2 8832 5
1863 1 4463
1864 2 1901 4
1865 2 5298 1
1866 2 8231 5
1867 1 8959
1868 2 6988 4
1869 2 7650 3
1870 1 7944
1871 1 2936
1872 1 8846
1873 3 6159 6737
1874 2 9918 1
1875 3 6770 8640
1876 3 7011 8871
1877 3 5351 7695
1878 3 8263 9170
1879 2 446 4
1880 2 5841 5
1881 1 4877
1882 2 806 2
1883 3 7590 9264
1884 2 9325 5
1885 2 2977 2
1886 3 1576 9444
1887 2 8848 4
1888 2 7981 2
1889 3 933 8225
1890 2 3177 4
1891 1 9109
1892 3 164 837
1893 1 4443
1894 2 5152 4
1895 2 2857 2
1896 3 5627 6735
1897 1 5395
1898 1 5223
1899 3 5229 9381
1900 3 1491 2433
1901 3 6233 7132
1902 1 598
1903 3 4266 7902
1904 2 6721 4
1905 3 1112 3750
1906 1 2464
1907 2 9842 5
1908 3 2933 6439
1909 3 152 1224
1910 2 814 3
1911 2 7611 2
1912 1 8028
1913 1 7341
1914 3 2224 4667
1915 2 5451 4
1916 1 7771
1917 1 3654
1918 3 724 7222
1919 2 1239 1
1920 1 9918
1921 3 7205 8945
1922 1 3657
1923 2 8373 1
1924 3 4472 4748
1925 3 463 479
1926 1 28
1927 2 6520 4
1928 2 1882 2
1929 2 8849 3
1930 3 4667 5202
1931 3 4889 4934
1932 1 7556
1933 2 2109 5
1934 3 812 9241
1935 3 6382 9521
1936 3 7199 8728
1937 3 1245 4123
1938 2 811 3
1939 2 2321 3
1940 2 6424 1
1941 2 6359 5
1942 1 269
1943 1 5297
1944 2 9737 3
1945 2 9485 1
1946 1 7701
1947 2 8311 4
1948 3 2595 4332
1949 3 19 4059
1950 2 7511 1
1951 2 9393 3
1952 2 1276 5
1953 3 4493 6412
1954 1 2927
1955 2 8832 4
1956 3 3530 7904
1957 1 4299
1958 2 2794 4
1959 2 7078 1
1960 2 8377 4
1961 3 2737 3109
1962 2 3773 3
1963 3 7619 9955
1964 3 7455 9346
1965 1 4139
1966 1 2602
1967 1 5956
1968 3 50 6722
1969 1 2254
1970 1 1554
1971 3 323 683
1972 3 6555 8554
1973 2 3462 1
1974 1 8999
1975 1 9357
1976 1 2754
1977 3 735 4647
1978 3 1984 3648
1979 2 1895 4
1980 3 1542 8449
1981 1 9348
1982 2 1999 5
1983 3 2881 3631
1984 3 3314 6321
1985 1 8415
1986 1 9842
1987 1 3966
1988 3 6249 8906
1989 2 865 3
1990 3 1727 2104
1991 1 7838
1992 2 242 4
1993 1 9473
1994 1 3877
1995 2 6176 5
1996 3 5147 7416
1997 3 2300 4029
1998 2 9985 5
1999 2 3435 1
2000 3 6664 6810
2001 2 1436 4
2002 3 2634 7277
2003 3 590 7595
2004 1 735
2005 1 8683
2006 3 5087 9915
2007 1 3154
2008 1 3468
2009 2 6212 2
2010 2 6780 5
2011 3 34 6335
2012 1 7652
2013 2 9741 1
2014 2 7667 1
2015 2 3576 1
2016 3 3776 6179
2017 3 29 3159
2018 2 5100 2
2019 1 731
2020 2 670 1
2021 3 4350 5505
2022 3 2649 5653
2023 1 3469
2024 2 6788 4
2025 1 2180
2026 2 351 2
2027 2 978 2
2028 2 5762 5
2029 3 6160 9917
2030 3 517 3692
2031 1 5049
2032 2 3689 3
2033 3 2367 6076
2034 1 6496
2035 1 4928
2036 1 3014
2037 2 3784 1
2038 2 7107 5
2039 2 2896 1
2040 1 3026
2041 1 1215
2042 3 1085 2437
2043 3 2711 3836
2044 3 700 8665
2045 2 3100 1
2046 2 1851 5
2047 2 5121 2
2048 1 3604
2049 3 3270 6181
2050 1 393
2051 1 4221
2052 2 2975 3
2053 1 4898
2054 3 185 8345
2055 2 1183 4
2056 1 5975
2057 1 5714
2058 3 6843 7986
2059 3 898 4581
2060 1 9738
2061 2 9011 3
2062 3 8309 9738
2063 2 868 2
2064 3 1600 3198
2065 2 5849 1
2066 2 7799 4
2067 2 5802 2
2068 3 2670 9179
2069 2 6930 2
2070 1 8805
2071 3 2710 8909
2072 3 2163 3319
2073 2 7764 2
2074 1 6801
2075 2 1132 1
2076 3 1067 5464
2077 1 8052
2078 3 6801 7155
2079 2 983 5
2080 2 3549 4
2081 3 6908 7043
2082 3 1583 3057
2083 1 2834
2084 3 6722 8063
2085 2 1097 3
2086 3 1410 2846
2087 2 4257 1
2088 3 587 2475
2089 1 7391
2090 3 3585 9537
2091 1 1077
2092 2 4081 2
2093 3 1548 2580
2094 3 3782 4913
2095 2 3738 4
2096 1 6530
2097 1 1851
2098 3 5679 7336
2099 2 8164 4
2100 3 1673 4749
2101 1 1150
2102 1 1837
2103 3 2553 8237
2104 3 6511 9097
2105 3 5730 9090
2106 2 4670 1
2107 1 2033
2108 1 1673
2109 3 6968 8110
2110 1 5547
2111 3 1438 8175
2112 2 9449 4
2113 1 7467
2114 2 9573 2
2115 1 5807
2116 1 4981
2117 2 2935 3
2118 2 7495 1
2119 1 9219
2120 1 4575
2121 2 2922 3
2122 2 8782 3
2123 3 593 6803
2124 2 2560 3
2125 3 281 7167
2126 3 200 850
2127 1 8931
2128 2 102 3
2129 2 9564 4
2130 3 6402 8492
2131 2 9154 1
2132 1 7206
2133 3 868 1397
2134 3 735 9769
2135 1 9417
2136 2 3339 3
2137 2 9426 4
2138 3 660 6525
2139 2 6180 2
2140 3 1561 3410
2141 3 2784 5979
2142 1 5568
2143 1 8844
2144 1 4401
2145 3 4575 8343
2146 1 4098
2147 2 9721 4
2148 2 1265 4
2149 1 7222
2150 1 3489
2151 2 2124 2
2152 1 2416
2153 2 9363 4
2154 2 9318 2
2155 3 1619 6585
2156 3 7197 9582
2157 3 489 1492
2158 1 1226
2159 1 1760
2160 3 997 9714
2161 2 8961 3
2162 3 847 1069
2163 3 7001 9310
2164 1 1774
2165 2 3832 1
2166 3 4179 5163
2167 1 6470
2168 2 2043 3
2169 3 5443 7134
2170 3 925 4032
2171 3 6536 9036
2172 1 220
2173 1 5888
2174 3 2146 4431
2175 1 3085
2176 3 6900 9460
2177 1 8298
2178 2 7377 4
2179 1 8420
2180 1 4761
2181 2 2787 2
2182 2 3502 1
2183 1 1875
2184 1 2494
2185 1 8217
2186 3 8009 8577
2187 3 4013 8498
2188 3 2621 6313
2189 2 7316 4
2190 2 8832 1
2191 1 8908
2192 3 4762 8611
2193 1 9682
2194 1 982
2195 2 4416 4
2196 3 2021 7114
2197 2 9906 2
2198 2 2633 1
2199 3 3659 6175
2200 3 6348 8263
2201 2 4963 4
2202 3 3281 4009
2203 3 2071 9580
2204 2 2691 1
2205 2 6188 2
2206 2 4496 1
2207 1 4111
2208 3 3851 9944
2209 1 7685
2210 3 1534 4768
2211 1 3573
2212 2 7968 3
2213 1 5287
2214 1 8085
2215 3 4242 5979
2216 3 7557 9902
2217 3 9163 9188
2218 3 431 5043
2219 2 7153 2
2220 3 6905 8336
2221 3 859 9768
2222 3 3424 9975
2223 3 5213 6446
2224 2 4178 3
2225 1 3734
2226 3 3039 7057
2227 3 4355 4999
2228 2 2377 4
2229 2 9219 3
2230 1 1319
2231 2 6633 3
2232 2 6497 3
2233 3 7758 9242
2234 1 1178
2235 3 3128 5478
2236 2 9469 3
2237 3 622 6638
2238 3 5475 7238
2239 3 641 5668
2240 1 7154
2241 2 2466 3
2242 3 4860 5076
2243 2 8045 2
2244 2 8438 2
2245 1 3814
2246 2 4207 2
2247 3 5004 9697
2248 2 4345 2
2249 2 8546 1
2250 1 2344
2251 2 5545 4
2252 1 2341
2253 2 305 3
2254 2 3235 2
2255 3 6654 6743
2256 3 1989 8824
2257 3 6943 9633
2258 2 9738 2
2259 3 661 2843
2260 3 2821 5107
2261 3 5615 8999
2262 2 8830 3
2263 2 4405 2
2264 1 7042
2265 3 430 4469
2266 2 2524 2
2267 3 545 5527
2268 2 8232 4
2269 3 8266 9705
2270 2 8089 3
2271 1 8032
2272 2 617 3
2273 1 9220
2274 2 499 4
2275 3 5139 9192
2276 3 6618 7869
2277 2 3709 2
2278 2 3079 3
2279 3 3828 9578
2280 2 6808 3
2281 1 6221
2282 1 1584
2283 3 823 4631
2284 2 6506 5
2285 3 8157 9046
2286 1 5554
2287 2 9370 4
2288 3 5370 6264
2289 3 2859 8691
2290 1 4937
2291 2 3116 1
2292 1 7316
2293 2 7550 5
2294 1 1867
2295 2 5517 2
2296 3 2568 2664
2297 1 8306
2298 2 359 1
2299 2 1322 2
2300 2 2841 5
2301 2 5455 5
2302 3 2445 8078
2303 2 3774 3
2304 3 1878 9463
2305 2 9066 2
2306 2 7761 4
2307 3 2254 7111
2308 2 8818 3
2309 2 8974 4
2310 3 5566 5972
2311 2 9438 1
2312 2 1685 3
2313 1 3880
2314 1 2489
2315 1 2288
2316 3 4528 6547
2317 1 2289
2318 1 1224
2319 3 1145 1996
2320 2 1956 2
2321 1 3501
2322 1 9008
2323 1 9343
2324 2 446 1
2325 2 2305 2
2326 1 4330
2327 3 14 8707
2328 2 3088 1
2329 3 5116 5776
2330 2 4588 3
2331 2 4533 2
2332 1 4365
2333 2 3834 3
2334 3 810 3541
2335 2 9935 5
2336 2 6947 3
2337 2 9257 5
2338 3 5763 6191
2339 2 7264 5
2340 3 1410 9218
2341 2 149 3
2342 3 1751 4576
2343 3 2848 4189
2344 3 5510 5545
2345 3 169 873
2346 1 2826
2347 3 8380 8948
2348 1 8197
2349 3 3945 4691
2350 3 3528 5292
2351 3 4065 7632
2352 3 2087 8246
2353 1 5596
2354 1 5445
2355 2 4332 3
2356 2 2326 3
2357 3 3852 8575
2358 1 7814
2359 2 8715 2
2360 1 3096
2361 3 7258 9108
2362 1 809
2363 1 1990
2364 1 728
2365 2 9668 5
2366 1 6723
2367 3 1570 8936
2368 1 9613
2369 2 3998 2
2370 2 3468 4
2371 3 47 3523
2372 3 1436 9911
2373 2 8151 3
2374 3 1461 4428
2375 2 307 1
2376 2 8216 3
2377 1 4256
2378 1 7414
2379 1 8939
2380 1 5932
2381 3 4085 4126
2382 1 1691
2383 2 8083 5
2384 1 504
2385 2 960 2
2386 3 1612 7688
2387 2 3712 2
2388 1 9090
2389 2 9014 4
2390 1 7947
2391 2 3323 4
2392 2 5228 1
2393 3 1203 8925
2394 3 3015 6933
2395 1 8257
2396 1 5071
2397 1 1090
2398 1 297
2399 3 7429 8991
2400 2 8048 5
2401 3 2664 8519
2402 1 9335
2403 2 1253 4
2404 3 6748 6933
2405 3 2038 9973
2406 2 1803 2
2407 1 6409
2408 1 5437
2409 2 143 2
2410 1 989
2411 2 1077 3
2412 3 2084 4265
2413 2 8116 2
2414 1 129
2415 2 423 4
2416 2 6591 4
2417 2 9893 3
2418 2 7914 1
2419 1 897
2420 2 7632 4
2421 3 2889 7576
2422 1 1209
2423 3 3283 4111
2424 3 4368 6831
2425 3 928 5406
2426 1 7326
2427 3 203 8688
2428 3 4411 8207
2429 1 1649
2430 2 6696 3
2431 2 9165 5
2432 2 9952 1
2433 2 7192 5
2434 1 407
2435 3 3331 5105
2436 1 3923
2437 3 6496 7109
2438 3 893 3122
2439 1 7832
2440 1 2957
2441 3 2642 3899
2442 2 467 4
2443 2 6587 5
2444 2 2639 5
2445 2 8284 3
2446 2 4872 5
2447 3 4700 8641
2448 2 1203 3
2449 3 3919 5385
2450 2 1139 2
2451 3 2129 8104
2452 3 5855 9001
2453 1 8447
2454 2 4147 5
2455 3 312 8157
2456 1 8500
2457 3 9738 9912
2458 3 31 4083
2459 2 5306 2
2460 3 2836 3945
2461 2 3901 1
2462 1 9863
2463 2 9578 5
2464 1 3297
2465 3 1099 6095
2466 3 271 2595
2467 3 5694 9464
2468 2 3374 2
2469 1 6920
2470 2 9855 4
2471 2 7832 4
2472 1 6313
2473 2 1490 1
2474 3 7500 8324
2475 1 7164
2476 3 2234 4710
2477 1 2261
2478 1 5178
2479 1 7872
2480 1 7842
2481 2 501 1
2482 2 2577 2
2483 1 9781
2484 3 3231 5366
2485 3 4514 8530
2486 3 2593 3613
2487 2 5306 3
2488 3 253 1233
2489 2 5945 1
2490 3 5309 9788
2491 2 4390 1
2492 2 5216 2
2493 1 8459
2494 1 7020
2495 3 974 6328
2496 2 4833 1
2497 3 4555 4822
2498 2 5588 2
2499 3 5726 8305
2500 2 9796 5
2501 1 2722
2502 2 1537 4
2503 3 4017 5568
2504 1 943
2505 3 968 7643
2506 2 6748 5
2507 1 9564
2508 1 9435
2509 1 2989
2510 2 2642 2
2511 1 2273
2512 2 2385 5
2513 2 5642 1
2514 3 266 8996
2515 3 6611 9553
2516 3 1416 4715
2517 2 5648 3
2518 1 2327
2519 1 7741
2520 1 8212
2521 2 8078 5
2522 3 5852 9038
2523 1 8730
2524 3 6267 7026
2525 3 158 7860
2526 3 814 2056
2527 1 5025
2528 1 7061
2529 3 489 4518
2530 3 1947 7115
2531 2 7573 5
2532 2 7206 1
2533 1 4721
2534 2 5797 2
2535 3 5082 6463
2536 1 3159
2537 3 2678 4713
2538 2 925 1
2539 2 7622 5
2540 3 5546 7439
2541 2 9771 1
2542 3 864 4918
2543 2 110 1
2544 1 1556
2545 1 323
2546 2 6895 1
2547 2 8504 4
2548 3 8154 8728
2549 3 26 613
2550 3 7997 8342
2551 1 2702
2552 1 8553
2553 2 6020 5
2554 1 3319
2555 1 8425
2556 3 1879 2876
2557 1 2536
2558 2 913 2
2559 2 8904 4
2560 3 3155 9156
2561 2 3228 1
2562 2 9585 1
2563 2 423 4
2564 1 6568
2565 3 8015 9810
2566 2 6264 1
2567 1 3558
2568 3 2477 8935
2569 2 6931 3
2570 1 1491
2571 2 3940 3
2572 1 3275
2573 3 9034 9617
2574 3 5147 6905
2575 1 4685
2576 2 6608 4
2577 1 5140
2578 2 7060 4
2579 2 2258 2
2580 3 3262 5636
2581 2 7393 5
2582 3 335 7756
2583 2 3809 2
2584 2 5391 1
2585 2 5988 2
2586 2 5530 1
2587 3 405 8630
2588 3 2736 6253
2589 1 4941
2590 3 4790 9428
2591 3 1871 7958
2592 3 250 5264
2593 2 5634 2
2594 3 838 2062
2595 1 9675
2596 1 2310
2597 1 7604
2598 1 6431
2599 1 9011
2600 1 6288
2601 3 5640 7683
2602 3 3084 4111
2603 2 2476 1
2604 1 5796
2605 3 2568 6920
2606 3 4090 4688
2607 3 7433 8579
2608 1 2341
2609 1 3162
2610 1 9555
2611 2 8100 2
2612 2 3363 2
2613 1 3154
2614 1 8550
2615 1 8681
2616 3 5501 7963
2617 1 396
2618 2 7602 1
2619 3 1312 1769
2620 2 8242 5
2621 1 5296
2622 3 2274 3444
2623 1 957
2624 2 7683 3
2625 1 9267
2626 1 9447
2627 3 2690 9150
2628 1 6257
2629 3 3913 8166
2630 2 2987 1
2631 1 6133
2632 3 5401 6731
2633 2 9605 1
2634 2 2878 1
2635 3 236 429
2636 3 4754 8960
2637 1 4462
2638 1 5360
2639 3 5759 8675
2640 3 4344 6797
2641 3 2098 9512
2642 3 152 8985
2643 3 1813 3859
2644 2 2115 5
2645 3 191 1134
2646 2 3901 2
2647 3 6241 8684
2648 3 1695 8763
2649 3 9417 9713
2650 2 3866 4
2651 3 419 8707
2652 1 3291
2653 2 5348 3
2654 3 441 5061
2655 2 8771 4
2656 1 9926
2657 3 1613 3400
2658 1 3744
2659 2 7711 2
2660 1 6384
2661 2 7924 3
2662 2 8118 2
2663 2 4583 5
2664 2 485 5
2665 1 5091
2666 1 9768
2667 3 168 687
2668 1 4304
2669 1 3768
2670 2 1102 3
2671 1 7954
2672 2 2050 5
2673 1 9204
2674 2 8006 2
2675 3 432 2528
2676 2 9155 2
2677 1 8572
2678 3 2701 7545
2679 1 2301
2680 3 7501 9559
2681 3 3578 4957
2682 3 118 6164
2683 3 4176 7087
2684 1 2557
2685 1 6127
2686 2 182 3
2687 3 1046 6531
2688 3 4180 5231
2689 3 3027 6730
2690 1 417
2691 3 3988 9990
2692 1 8178
2693 1 7434
2694 1 8763
2695 1 1174
2696 2 3392 1
2697 1 5699
2698 2 7543 1
2699 2 9339 3
2700 1 1465
2701 3 1014 8606
2702 3 817 5209
2703 2 2536 3
2704 2 4439 2
2705 3 6743 8185
2706 1 9456
2707 3 922 8475
2708 1 1358
2709 2 5182 3
2710 1 2358
2711 1 4450
2712 2 1231 5
2713 1 3522
2714 2 5341 1
2715 1 8098
2716 3 1456 1624
2717 3 405 9934
2718 3 6449 7835
2719 3 2086 9410
2720 1 8636
2721 2 7537 4
2722 2 349 2
2723 2 7989 1
2724 3 395 5919
2725 2 4490 5
2726 1 3578
2727 3 9008 9781
2728 1 5164
2729 1 8665
2730 1 3885
2731 3 1213 4894
2732 1 1519
2733 2 9339 1
2734 1 8129
2735 2 4857 3
2736 2 9359 4
2737 3 1261 7388
2738 1 1930
2739 1 9381
2740 3 1367 4227
2741 1 8421
2742 3 2315 9877
2743 1 8814
2744 1 867
2745 2 6815 2
2746 1 7072
2747 2 4397 3
2748 2 1384 5
2749 3 2561 6798
2750 1 8541
2751 3 3771 9619
2752 3 6732 8167
2753 2 5926 2
2754 2 1389 3
2755 1 9449
2756 1 2583
2757 1 9617
2758 2 7527 4
2759 3 4488 9281
2760 2 4612 4
2761 1 1381
2762 2 2654 2
2763 2 6897 1
2764 3 1601 9955
2765 2 9826 2
2766 1 1037
2767 2 1785 1
2768 3 2400 7431
2769 1 2196
2770 1 8541
2771 2 2992 4
2772 1 9
2773 1 7958
2774 3 6224 7853
2775 2 6007 1
2776 1 9963
2777 1 228
2778 2 4158 2
2779 2 3722 1
2780 1 3056
2781 3 5457 9499
2782 1 465
2783 2 4948 5
2784 1 6416
2785 1 3061
2786 2 3834 3
2787 1 3959
2788 3 1098 6516
2789 1 8183
2790 1 1772
2791 3 2367 2672
2792 2 8373 2
2793 1 9148
2794 3 1401 1957
2795 2 7702 5
2796 2 6506 5
2797 2 5228 5
2798 2 7008 1
2799 2 8365 5
2800 2 8625 1
2801 3 306 9351
2802 1 8625
2803 3 96 9271
2804 3 1868 3446
2805 1 6290
2806 3 214 9237
2807 3 1737 1993
2808 2 4601 4
2809 1 8485
2810 3 8186 9739
2811 3 3270 6809
2812 1 6782
2813 3 8725 9130
2814 1 9108
2815 1 9169
2816 2 7926 2
2817 1 2549
2818 1 3034
2819 2 6881 1
2820 2 6697 1
2821 2 6815 5
2822 3 1758 6080
2823 2 8866 1
2824 3 3607 9881
2825 1 3485
2826 2 1341 3
2827 1 9914
2828 1 5280
2829 1 485
2830 1 4608
2831 1 4804
2832 1 8521
2833 1 8826
2834 1 4055
2835 3 1418 7331
2836 2 2153 2
2837 2 9639 4
2838 3 3497 8057
2839 1 2813
2840 1 8359
2841 3 977 7886
2842 2 9622 2
2843 3 7436 8430
2844 1 694
2845 1 7427
2846 1 7194
2847 1 3359
2848 3 8987 9540
2849 2 8976 3
2850 2 5473 5
2851 2 1024 3
2852 1 8551
2853 1 5606
2854 3 4704 8568
2855 3 339 7498
2856 1 7858
2857 3 522 8327
2858 2 4650 3
2859 2 6676 2
2860 3 2760 6542
2861 1 1046
2862 1 7002
2863 3 4887 5217
2864 2 9625 4
2865 3 5236 9174
2866 3 4468 9866
2867 3 6198 8375
2868 3 246 2485
2869 1 3822
2870 1 3476
2871 3 3721 7891
2872 1 9882
2873 3 1799 9916
2874 2 5712 3
2875 3 431 436
2876 2 8535 3
2877 1 3096
2878 2 6907 5
2879 3 7391 9730
2880 1 3493
2881 3 3117 5744
2882 1 3750
2883 3 1936 6358
2884 3 1467 4482
2885 1 4158
2886 1 1326
2887 1 3551
2888 3 4374 8898
2889 2 4257 1
2890 3 670 7326
2891 3 240 5720
2892 1 7158
2893 1 1609
2894 3 1976 2122
2895 2 8034 1
2896 2 1056 2
2897 1 8614
2898 1 3548
2899 3 3120 8926
2900 2 5648 2
2901 1 9445
2902 2 5515 4
2903 2 1698 3
2904 3 3580 4927
2905 2 7027 1
2906 1 4383
2907 1 4379
2908 1 6864
2909 2 5562 5
2910 1 9269
2911 3 6153 9878
2912 1 1704
2913 2 764 2
2914 3 7170 9796
2915 1 2573
2916 3 2395 6209
2917 2 9314 3
2918 2 4502 2
2919 3 3836 5635
2920 1 4122
2921 1 3803
2922 1 9800
2923 2 552 1
2924 2 3916 1
2925 3 4080 4676
2926 3 1597 2782
2927 2 3995 1
2928 2 6809 4
2929 1 6100
2930 3 6299 8494
2931 2 6431 2
2932 1 2137
2933 3 2087 9524
2934 2 1061 2
2935 3 1949 3431
2936 3 2614 9049
2937 2 6614 3
2938 2 4216 4
2939 2 7813 4
2940 2 1262 1
2941 1 8854
2942 3 5419 9891
2943 2 7236 1
2944 3 3263 4007
2945 1 8604
2946 2 4648 2
2947 2 5946 3
2948 2 3901 2
2949 2 8796 5
2950 2 6301 1
2951 3 1113 7108
2952 1 9429
2953 3 7759 8653
2954 1 392
2955 2 4833 1
2956 3 4431 9613
2957 3 5874 7589
2958 3 1398 9549
2959 3 495 6498
2960 1 1008
2961 2 8852 5
2962 1 420
2963 1 6691
2964 3 5173 8146
2965 3 2893 8903
2966 2 622 3
2967 1 80
2968 2 7683 1
2969 1 7228
2970 2 202 5
2971 1 2058
2972 1 7545
2973 2 5681 3
2974 2 9732 1
2975 3 7315 9844
2976 2 5685 4
2977 1 1125
2978 2 6584 4
2979 3 6125 9362
2980 1 1205
2981 1 8994
2982 1 5607
2983 1 2778
2984 2 4963 2
2985 3 1284 2718
2986 3 6636 8045
2987 1 7581
2988 1 6233
2989 1 6650
2990 2 5990 3
2991 3 5622 5855
2992 2 5418 5
2993 3 6055 7663
2994 1 9117
2995 3 1813 5842
2996 1 9314
2997 1 233
2998 1 5792
2999 1 9106
3000 3 74 2432
3001 1 2602
3002 3 2167 8875
3003 1 165
3004 1 5654
3005 1 4896
3006 1 7295
3007 3 1080 1572
3008 3 8783 9308
3009 3 3539 6367
3010 2 952 4
3011 1 8680
3012 3 4966 6571
3013 1 1780
3014 2 3653 2
3015 1 7723
3016 2 2117 4
3017 3 7529 8557
3018 1 1396
3019 1 8225
3020 2 5233 3
3021 2 3179 1
3022 3 4285 7573
3023 2 9592 4
3024 3 3151 8148
3025 3 604 2415
3026 3 3137 7125
3027 3 8443 8541
3028 2 9742 1
3029 3 4669 8193
3030 2 5737 2
3031 1 9684
3032 1 4254
3033 2 5748 5
3034 1 3069
3035 2 7740 4
3036 1 6332
3037 2 6078 2
3038 2 8587 4
3039 2 1823 1
3040 1 1084
3041 3 463 1838
3042 3 3046 5806
3043 3 4491 8517
3044 3 9198 9621
3045 1 8078
3046 2 3859 5
3047 1 1921
3048 2 2661 5
3049 3 5349 5549
3050 1 869
3051 1 8318
3052 3 1498 7711
3053 1 4492
3054 2 5363 5
3055 2 6290 2
3056 3 7084 9501
3057 2 2082 4
3058 2 8235 1
3059 1 8938
3060 1 281
3061 3 757 9642
3062 3 3135 4820
3063 1 9856
3064 1 8691
3065 1 6703
3066 2 3276 1
3067 1 4125
3068 3 2185 8507
3069 3 426 5108
3070 3 829 3991
3071 3 2382 4366
3072 2 8787 4
3073 3 2721 9369
3074 3 3240 4505
3075 3 7047 7250
3076 2 9331 3
3077 3 3830 4996
3078 1 7473
3079 1 5057
3080 2 8860 4
3081 3 731 7089
3082 3 5389 9405
3083 3 107 4555
3084 2 5603 1
3085 3 1224 8214
3086 2 3624 4
3087 2 4367 3
3088 3 1318 5417
3089 3 4638 6226
3090 2 7943 1
3091 1 1986
3092 2 7430 1
3093 2 9287 1
3094 1 6904
3095 2 3469 2
3096 1 4261
3097 3 266 3666
3098 2 5717 4
3099 1 1723
3100 2 9682 3
3101 2 6456 5
3102 2 5855 1
3103 3 4981 8973
3104 1 4547
3105 2 6591 4
3106 2 3941 1
3107 2 8512 5
3108 3 4929 5089
3109 3 1072 7396
3110 3 2344 3739
3111 3 1717 4269
3112 1 3529
3113 3 4142 5514
3114 3 1036 2817
3115 2 5862 5
3116 1 7088
3117 3 2789 6559
3118 2 9778 4
3119 2 9630 3
3120 3 3807 4679
3121 3 7434 8082
3122 2 9732 5
3123 3 3125 8527
3124 1 8869
3125 3 5057 8954
3126 2 888 2
3127 3 3124 6014
3128 1 2614
3129 2 9870 2
3130 1 5715
3131 1 8744
3132 2 865 5
3133 2 9801 3
3134 3 1559 9215
3135 1 4319
3136 1 2826
3137 1 775
3138 2 7890 2
3139 2 9834 1
3140 1 4712
3141 2 8148 5
3142 1 3866
3143 3 1154 9718
3144 3 3099 6771
3145 1 8833
3146 1 4474
3147 2 1104 2
3148 3 1921 9749
3149 3 7697 9764
3150 3 5748 8852
3151 2 3884 4
3152 3 2744 8426
3153 2 5420 5
3154 1 6020
3155 3 685 5772
3156 2 2440 3
3157 1 6866
3158 3 7455 7532
3159 2 4500 4
3160 2 818 3
3161 3 3950 9266
3162 1 6975
3163 2 5108 4
3164 3 589 1598
3165 3 6520 8644
3166 3 5215 7918
3167 3 6258 9844
3168 2 290 5
3169 2 7739 4
3170 3 3910 5131
3171 2 2411 1
3172 2 7079 2
3173 2 1512 4
3174 1 3755
3175 1 7519
3176 2 6316 5
3177 1 378
3178 1 7290
3179 2 9746 3
3180 2 2429 4
3181 3 1089 4673
3182 2 6462 1
3183 2 6427 4
3184 3 3033 6712
3185 3 2824 5568
3186 1 7100
3187 3 6047 8959
3188 3 6341 8552
3189 1 9909
3190 2 9000 1
3191 3 954 6183
3192 2 2473 2
3193 2 320 5
3194 3 6103 8993
3195 3 4795 9623
3196 2 6745 4
3197 2 6513 2
3198 2 2874 2
3199 1 5605
3200 1 1374
3201 1 7321
3202 1 918
3203 2 151 5
3204 3 6699 8894
3205 2 6270 4
3206 2 7486 5
3207 3 2502 7186
3208 3 1490 6334
3209 3 3 8638
3210 3 6695 9470
3211 2 5192 2
3212 2 4220 4
3213 1 1287
3214 2 9642 4
3215 2 5427 4
3216 2 3169 4
3217 1 8463
3218 1 3890
3219 1 337
3220 1 6917
3221 2 755 5
3222 2 8578 3
3223 3 3012 9798
3224 3 4230 7933
3225 2 3533 2
3226 3 2512 6983
3227 1 515
3228 2 5763 4
3229 3 6932 7305
3230 1 9045
3231 3 394 8572
3232 3 1761 5239
3233 2 6025 2
3234 2 3062 4
3235 2 370 3
3236 2 8268 5
3237 1 7326
3238 1 4132
3239 2 4105 2
3240 1 8806
3241 3 1669 6220
3242 2 1701 5
3243 3 4563 8573
3244 3 2507 7407
3245 2 7321 5
3246 3 38 1028
3247 1 7681
3248 3 6536 9088
3249 1 3352
3250 1 4761
3251 3 1076 3219
3252 2 1891 5
3253 3 128 5059
3254 2 3650 3
3255 1 9168
3256 3 2142 6461
3257 2 7035 3
3258 2 795 1
3259 2 2055 2
3260 1 5476
3261 3 1126 7356
3262 1 8794
3263 2 8549 4
3264 3 3662 5096
3265 1 7157
3266 1 6019
3267 1 8825
3268 3 8735 9023
3269 3 6088 6685
3270 2 8666 5
3271 2 3131 5
3272 1 9905
3273 1 478
3274 3 4114 7541
3275 3 2273 2760
3276 1 9901
3277 2 9762 1
3278 2 4046 5
3279 2 3501 5
3280 2 7041 5
3281 1 8541
3282 1 4134
3283 1 518
3284 1 1461
3285 2 8872 1
3286 3 2709 9575
3287 1 3593
3288 3 1389 6193
3289 3 5894 7456
3290 2 1998 2
3291 3 8805 9354
3292 2 842 1
3293 2 7686 5
3294 1 2955
3295 3 2873 5579
3296 3 1573 8289
3297 1 9641
3298 2 8659 2
3299 1 2842
3300 2 7183 5
3301 2 4235 1
3302 1 5493
3303 1 1820
3304 1 2308
3305 3 673 1717
3306 2 1420 2
3307 3 3428 7571
3308 2 2455 4
3309 1 2895
3310 1 2910
3311 2 6310 1
3312 2 8197 3
3313 1 903
3314 1 4418
3315 3 1784 5621
3316 2 2819 3
3317 2 132 4
3318 2 1241 5
3319 2 9868 4
3320 1 8015
3321 2 4944 4
3322 1 3486
3323 1 6953
3324 2 3053 2
3325 1 3086
3326 1 5580
3327 3 118 8986
3328 3 5700 8867
3329 3 6659 9245
3330 3 8016 8753
3331 2 5288 1
3332 2 7730 5
3333 1 3380
3334 2 7407 3
3335 2 696 4
3336 3 6560 8047
3337 2 1504 1
3338 2 4514 4
3339 1 9008
3340 3 5637 6912
3341 1 1827
3342 3 812 1442
3343 3 3661 7282
3344 3 831 1218
3345 3 6612 9129
3346 2 9445 3
3347 2 7039 4
3348 2 7395 5
3349 3 4911 9392
3350 3 1319 7147
3351 3 1663 6809
3352 1 3275
3353 2 1221 4
3354 3 5544 5666
3355 1 1047
3356 1 6280
3357 1 5885
3358 3 2664 3307
3359 2 8898 2
3360 3 1739 8968
3361 3 2812 6056
3362 1 9951
3363 3 2750 9847
3364 1 7061
3365 1 8887
3366 2 8061 4
3367 2 1790 4
3368 3 328 6706
3369 1 8370
3370 2 1791 5
3371 3 3711 8451
3372 2 9429 2
3373 3 4355 9913
3374 2 5063 5
3375 1 4026
3376 1 3965
3377 1 9648
3378 3 2322 6696
3379 1 3967
3380 1 599
3381 3 9462 9745
3382 1 5557
3383 1 921
3384 3 3681 5830
3385 3 4986 7053
3386 2 9047 3
3387 2 3686 5
3388 1 5500
3389 2 7896 4
3390 3 5989 8033
3391 2 3097 1
3392 3 279 4371
3393 3 3658 7885
3394 1 4983
3395 3 360 1573
3396 1 2808
3397 1 2616
3398 3 2045 4078
3399 2 5656 2
3400 2 4193 4
3401 2 8041 2
3402 1 8616
3403 1 5735
3404 2 9227 1
3405 2 4655 3
3406 2 5053 4
3407 2 3698 4
3408 1 1387
3409 2 9754 1
3410 1 9465
3411 2 3628 1
3412 3 4466 6555
3413 1 7564
3414 2 3331 5
3415 1 6105
3416 3 2834 9494
3417 1 7839
3418 3 2441 6304
3419 2 3010 3
3420 3 938 6773
3421 2 3470 1
3422 1 3053
3423 3 2581 9246
3424 2 2806 5
3425 3 7637 8245
3426 1 8672
3427 1 7213
3428 1 3406
3429 3 591 5185
3430 3 3309 4788
3431 1 9039
3432 1 3293
3433 1 500
3434 2 5862 1
3435 1 281
3436 2 9341 5
3437 1 7106
3438 1 8411
3439 2 6274 3
3440 1 7846
3441 2 7374 5
3442 1 8136
3443 3 2670 6300
3444 3 4300 5152
3445 2 7227 4
3446 1 1795
3447 3 1590 8057
3448 3 7797 7913
3449 1 3882
3450 1 8951
3451 2 5176 2
3452 2 4857 3
3453 3 3597 8854
3454 3 4292 4451
3455 1 573
3456 3 3676 6325
3457 1 3709
3458 2 2476 2
3459 2 7148 1
3460 2 2108 3
3461 1 2189
3462 3 3316 6571
3463 1 5338
3464 2 342 3
3465 1 9420
3466 3 2069 3016
3467 1 6164
3468 3 3556 6206
3469 3 5787 7677
3470 2 9471 2
3471 3 3874 8583
3472 3 1873 4303
3473 1 4561
3474 2 4397 5
3475 2 5190 1
3476 3 2039 8471
3477 2 3012 4
3478 3 2630 6736
3479 3 1801 6558
3480 3 526 4043
3481 3 1144 8651
3482 3 6595 7620
3483 1 3937
3484 3 935 2835
3485 1 505
3486 2 415 5
3487 2 3207 5
3488 1 6090
3489 3 1581 2343
3490 2 2256 2
3491 1 6221
3492 1 7133
3493 1 8319
3494 3 2538 7878
3495 2 7225 4
3496 2 9289 3
3497 1 8896
3498 1 9406
3499 3 2865 6614
3500 2 6406 4
3501 2 53 4
3502 1 905
3503 1 4745
3504 3 1298 1688
3505 3 7278 9868
3506 1 6675
3507 1 1265
3508 1 1529
3509 3 193 7420
3510 2 4740 2
3511 2 2264 5
3512 3 6114 7004
3513 1 2432
3514 2 9264 5
3515 3 3408 5906
3516 2 6733 1
3517 1 2191
3518 1 4982
3519 2 1189 4
3520 1 5755
3521 2 7004 2
3522 3 2575 8253
3523 2 8321 2
3524 3 518 904
3525 2 2234 1
3526 2 4841 2
3527 3 3116 6859
3528 1 5263
3529 1 2149
3530 1 3307
3531 1 8195
3532 1 1338
3533 1 1252
3534 1 9272
3535 2 177 5
3536 3 1101 7111
3537 2 3413 1
3538 3 95 5854
3539 1 2840
3540 2 9122 1
3541 1 6374
3542 1 8504
3543 3 2197 8196
3544 1 2602
3545 1 3995
3546 3 5186 9261
3547 3 4097 6532
3548 1 9621
3549 3 2984 5191
3550 2 7487 2
3551 3 4200 5918
3552 3 4542 7465
3553 1 6217
3554 1 4573
3555 3 5578 7521
3556 2 4099 5
3557 3 3744 9242
3558 3 4367 8752
3559 1 641
3560 2 3503 5
3561 3 4858 9843
3562 3 948 9608
3563 3 4831 5585
3564 3 258 2230
3565 3 2604 9199
3566 3 2418 8788
3567 3 8525 9234
3568 1 2315
3569 1 1758
3570 2 7249 4
3571 3 102 9766
3572 3 3701 6809
3573 3 3360 5315
3574 3 3643 5421
3575 1 235
3576 2 3363 4
3577 2 8450 5
3578 2 3422 3
3579 3 6030 9861
3580 1 5441
3581 1 5738
3582 2 5945 5
3583 3 4836 9389
3584 1 7004
3585 1 1005
3586 3 7747 8641
3587 1 7504
3588 1 7508
3589 2 3792 1
3590 3 1683 4619
3591 3 8925 9581
3592 3 4489 7811
3593 2 9751 1
3594 2 5542 4
3595 1 6508
3596 3 4506 7755
3597 2 1826 1
3598 1 9433
3599 3 3267 6834
3600 1 4022
3601 3 7833 8784
3602 1 5076
3603 3 4703 9976
3604 2 8025 1
3605 3 824 4813
3606 2 11 3
3607 2 5310 1
3608 2 2676 4
3609 2 78 3
3610 3 1266 8515
3611 3 5316 9374
3612 3 6113 9243
3613 3 547 2672
3614 2 1748 2
3615 2 6260 5
3616 2 6987 1
3617 1 5223
3618 2 1067 3
3619 2 6295 2
3620 3 887 4737
3621 1 3182
3622 1 6779
3623 2 989 3
3624 3 3519 4661
3625 1 8401
3626 2 8600 3
3627 2 2820 2
3628 2 8504 2
3629 3 492 3846
3630 3 333 9711
3631 1 9566
3632 3 4286 4852
3633 3 2164 2912
3634 3 8758 9981
3635 3 1889 7600
3636 2 4628 5
3637 1 9342
3638 2 5035 3
3639 2 2696 3
3640 1 1320
3641 1 6948
3642 3 5457 7480
3643 3 5814 6675
3644 3 5576 6118
3645 3 3589 5647
3646 2 1944 1
3647 2 100 2
3648 2 3223 3
3649 2 9931 5
3650 2 3411 2
3651 3 7160 7252
3652 3 531 5186
3653 3 2977 6002
3654 3 3956 7540
3655 2 2883 1
3656 1 1251
3657 3 3375 6668
3658 3 143 1381
3659 1 1835
3660 1 6376
3661 1 3829
3662 3 1307 9297
3663 1 2879
3664 2 1563 4
3665 2 4728 4
3666 1 3650
3667 3 1513 8841
3668 1 8065
3669 1 4711
3670 2 6800 4
3671 3 611 3964
3672 2 1004 5
3673 1 9797
3674 3 2951 4300
3675 2 9384 3
3676 3 973 3201
3677 3 1709 9555
3678 1 9306
3679 1 9329
3680 3 3614 6010
3681 2 6137 4
3682 3 5646 9282
3683 3 1048 8444
3684 2 762 3
3685 2 5954 3
3686 1 5744
3687 1 205
3688 1 7601
3689 2 2948 4
3690 1 2313
3691 3 7254 7653
3692 2 5569 5
3693 1 8807
3694 2 9124 4
3695 2 9612 4
3696 2 2415 4
3697 2 2940 4
3698 3 1555 7414
3699 1 2671
3700 2 2392 1
3701 3 325 3497
3702 3 5955 6348
3703 2 117 5
3704 1 3109
3705 2 2245 2
3706 3 5162 7047
3707 2 8171 3
3708 1 5848
3709 1 3281
3710 3 3939 4618
3711 2 9819 2
3712 2 7494 1
3713 1 2381
3714 1 3572
3715 1 8169
3716 1 3812
3717 2 3861 1
3718 1 6100
3719 1 1516
3720 3 3136 5622
3721 2 5579 4
3722 3 3756 8595
3723 2 146 2
3724 1 9064
3725 3 2759 8447
3726 2 5313 5
3727 2 7708 3
3728 1 1797
3729 2 5371 5
3730 3 1182 6972
3731 3 3261 9565
3732 3 3101 4915
3733 3 6399 8465
3734 2 6733 4
3735 1 5848
3736 1 2204
3737 2 4597 4
3738 1 987
3739 3 1439 8775
3740 2 6655 1
3741 1 568
3742 1 5346
3743 1 6447
3744 1 4894
3745 3 532 8148
3746 3 1031 5242
3747 2 5150 1
3748 1 5070
3749 3 2314 3006
3750 1 3290
3751 2 3438 4
3752 3 3600 5396
3753 1 8713
3754 3 3444 4854
3755 2 1551 4
3756 2 5861 1
3757 2 1925 5
3758 3 3429 9399
3759 3 5879 9488
3760 2 623 4
3761 3 2712 7650
3762 2 315 5
3763 3 5123 7768
3764 2 4085 4
3765 1 5381
3766 1 831
3767 3 733 2594
3768 1 9776
3769 3 1730 8653
3770 3 1731 3417
3771 2 8195 1
3772 1 7971
3773 3 2726 7345
3774 1 4320
3775 3 8004 8123
3776 2 9478 2
3777 3 1423 3847
3778 1 7150
3779 1 3813
3780 3 942 9984
3781 2 8798 5
3782 3 82 3694
3783 3 6253 6979
3784 1 9008
3785 1 1898
3786 2 4485 4
3787 1 2925
3788 3 1697 7339
3789 2 584 1
3790 3 2808 4244
3791 2 5036 5
3792 2 6393 1
3793 3 8482 9042
3794 2 8767 5
3795 1 6561
3796 3 7012 9210
3797 2 6553 2
3798 2 9962 4
3799 2 1794 4
3800 1 3885
3801 2 9695 1
3802 2 9289 1
3803 1 5894
3804 1 6182
3805 3 127 3827
3806 2 4690 2
3807 2 2904 4
3808 1 8100
3809 2 6899 3
3810 2 4907 3
3811 3 90 8039
3812 3 7798 9566
3813 1 305
3814 3 2486 7280
3815 1 2751
3816 3 7569 7914
3817 1 5672
3818 1 6972
3819 1 9117
3820 2 1458 1
3821 3 1629 8623
3822 1 4401
3823 2 6904 5
3824 1 1857
3825 2 8596 5
3826 2 6406 5
3827 2 4532 3
3828 1 6040
3829 2 1568 4
3830 3 3006 7547
3831 2 3049 1
3832 2 329 2
3833 2 834 3
3834 2 2947 5
3835 3 280 3442
3836 3 2508 5128
3837 2 7421 5
3838 3 1973 2665
3839 3 6132 6758
3840 3 631 2255
3841 1 5442
3842 1 7929
3843 3 7023 7441
3844 3 3558 7182
3845 2 8472 4
3846 3 6946 9814
3847 3 215 4870
3848 1 8295
3849 1 9485
3850 2 9314 4
3851 1 5466
3852 3 403 1932
3853 1 3983
3854 2 4724 1
3855 3 1556 8134
3856 2 3913 2
3857 2 4540 2
3858 1 3591
3859 3 2 4195
3860 1 1755
3861 3 5979 8716
3862 1 710
3863 2 1644 2
3864 3 1950 7209
3865 2 9578 2
3866 2 8788 5
3867 1 1312
3868 3 2770 6859
3869 3 3110 3162
3870 1 7918
3871 2 3632 4
3872 3 4184 6150
3873 1 5140
3874 2 1050 3
3875 2 7650 3
3876 3 6656 8694
3877 3 3535 7920
3878 3 75 9572
3879 2 1456 4
3880 2 1109 1
3881 2 7148 5
3882 2 7202 3
3883 1 8721
3884 1 3047
3885 1 5361
3886 1 3276
3887 1 3748
3888 1 3752
3889 2 4277 1
3890 1 8948
3891 2 3029 2
3892 1 3947
3893 1 8447
3894 3 4196 7660
3895 1 9365
3896 2 6777 3
3897 1 7950
3898 3 3736 7744
3899 1 883
3900 2 8498 2
3901 3 72 6218
3902 1 9495
3903 1 912
3904 1 2927
3905 2 4100 1
3906 3 2580 6560
3907 3 358 2145
3908 1 6613
3909 3 4343 9654
3910 1 1119
3911 3 5465 7800
3912 1 125
3913 1 5080
3914 3 3275 7489
3915 1 831
3916 3 3431 4665
3917 2 6887 1
3918 3 3150 8975
3919 2 5665 4
3920 2 8869 4
3921 1 6856
3922 3 6514 7539
3923 2 5740 2
3924 3 73 5412
3925 2 3523 3
3926 3 6016 8377
3927 3 1062 2848
3928 3 1103 6251
3929 3 4368 9351
3930 2 3013 1
3931 3 2203 9156
3932 3 1984 8261
3933 1 4593
3934 3 3269 5454
3935 2 2988 3
3936 1 7851
3937 2 5705 5
3938 3 1879 9476
3939 3 1097 1280
3940 3 731 4086
3941 1 9705
3942 1 1621
3943 1 3737
3944 2 9756 4
3945 2 7243 3
3946 2 9969 3
3947 3 2520 8810
3948 2 6745 2
3949 3 416 1063
3950 3 5133 9749
3951 2 4641 1
3952 1 4050
3953 3 7326 9263
3954 2 7775 3
3955 3 8208 9475
3956 1 8090
3957 1 1314
3958 1 1637
3959 1 2963
3960 3 4523 4525
3961 3 1339 9166
3962 1 585
3963 1 4684
3964 3 2440 8718
3965 2 6295 3
3966 1 7339
3967 1 7548
3968 2 3044 3
3969 1 2123
3970 1 5555
3971 3 2261 6867
3972 3 6198 6385
3973 1 6700
3974 1 99
3975 2 961 5
3976 1 5862
3977 3 2249 5328
3978 3 1626 9263
3979 3 1443 5130
3980 2 4574 4
3981 2 4363 5
3982 1 6753
3983 2 8222 2
3984 3 1260 1748
3985 3 5828 7618
3986 2 5372 3
3987 1 4425
3988 1 8168
3989 2 5697 5
3990 2 4413 3
3991 2 4163 3
3992 1 6446
3993 2 8475 3
3994 3 1573 8469
3995 1 8874
3996 1 3119
3997 3 7597 9384
3998 3 5157 9849
3999 1 6422
4000 2 3989 3
4001 1 8346
4002 3 2250 3708
4003 2 481 3
4004 1 1726
4005 3 7231 9773
4006 2 2175 1
4007 3 7543 8851
4008 1 9304
4009 2 9180 4
4010 1 1110
4011 3 644 4910
4012 2 1524 2
4013 1 9562
4014 1 6487
4015 1 74
4016 2 4450 2
4017 2 9158 3
4018 1 2838
4019 1 711
4020 2 3609 3
4021 1 5565
4022 2 3338 4
4023 1 8513
4024 3 4284 4722
4025 3 673 8611
4026 2 5129 1
4027 1 2592
4028 1 487
4029 1 2080
4030 1 610
4031 3 2602 3020
4032 2 7528 2
4033 2 8746 5
4034 1 5109
4035 3 5836 8336
4036 2 7049 2
4037 1 5076
4038 3 742 9596
4039 3 528 5072
4040 1 3106
4041 2 2867 2
4042 2 6748 1
4043 2 5288 1
4044 2 5357 3
4045 2 6769 2
4046 3 6046 7560
4047 2 8051 2
4048 1 1789
4049 3 594 2925
4050 3 5827 7112
4051 3 4353 8236
4052 2 498 1
4053 2 3510 2
4054 2 3094 4
4055 3 7 6332
4056 2 9437 3
4057 3 6705 9149
4058 2 3888 3
4059 2 207 1
4060 2 1506 2
4061 1 4102
4062 2 6346 2
4063 3 2942 4170
4064 3 971 1363
4065 3 6119 7858
4066 1 3199
4067 1 6766
4068 1 7547
4069 3 3723 9261
4070 3 4191 5327
4071 2 3306 1
4072 3 2071 4766
4073 2 6605 4
4074 2 1090 2
4075 2 65 1
4076 3 3759 9050
4077 2 189 1
4078 1 4574
4079 2 8297 1
4080 2 2629 2
4081 3 1993 2061
4082 2 625 4
4083 2 4724 2
4084 1 2750
4085 1 762
4086 1 366
4087 2 5075 2
4088 3 312 3431
4089 1 107
4090 3 3630 7253
4091 2 936 1
4092 1 7024
4093 3 4229 7144
4094 3 1683 6657
4095 1 7321
4096 1 3980
4097 2 3654 5
4098 3 2495 5254
4099 3 1728 5381
4100 2 2396 1
4101 1 4852
4102 3 5690 7223
4103 3 659 5455
4104 3 8178 9391
4105 3 740 3415
4106 2 5466 4
4107 3 5320 5681
4108 3 5675 7267
4109 3 1778 8078
4110 3 2391 4922
4111 2 708 2
4112 3 6026 9605
4113 1 1599
4114 1 992
4115 1 8312
4116 3 1338 6832
4117 2 5778 2
4118 3 2657 4655
4119 2 4105 4
4120 3 3335 5293
4121 3 418 5992
4122 2 5068 1
4123 3 4361 5038
4124 1 9166
4125 2 1238 2
4126 3 1018 3436
4127 1 9101
4128 3 191 9601
4129 2 235 3
4130 2 2823 1
4131 2 5032 2
4132 3 7342 9153
4133 3 7665 9823
4134 2 3561 1
4135 3 2573 8636
4136 2 2876 2
4137 2 5647 2
4138 2 692 1
4139 2 7590 1
4140 2 9537 2
4141 2 9563 4
4142 2 9278 1
4143 2 5586 2
4144 3 739 3122
4145 1 4667
4146 3 7107 8397
4147 2 3106 5
4148 2 7748 3
4149 3 1542 4128
4150 3 81 277
4151 1 1094
4152 3 4581 5557
4153 2 4651 2
4154 1 3393
4155 2 8651 5
4156 1 1514
4157 2 6735 3
4158 2 7269 5
4159 3 7959 8972
4160 1 2682
4161 2 2615 2
4162 2 6170 1
4163 3 251 7112
4164 1 4389
4165 3 2699 2930
4166 1 2983
4167 3 4270 9238
4168 1 743
4169 2 1431 3
4170 1 9348
4171 3 330 3740
4172 3 3743 7657
4173 3 758 6331
4174 2 2744 3
4175 2 190 3
4176 2 9798 2
4177 2 4307 2
4178 3 3185 9363
4179 1 6593
4180 2 649 4
4181 2 8174 4
4182 3 4832 8153
4183 1 1835
4184 2 9564 2
4185 1 4785
4186 1 2091
4187 2 678 3
4188 1 3717
4189 2 7606 4
4190 2 1194 2
4191 1 2080
4192 1 4009
4193 1 2930
4194 2 3310 5
4195 1 341
4196 3 2415 9063
4197 3 6079 6698
4198 2 7586 3
4199 2 9420 4
4200 1 999
4201 2 2298 2
4202 2 2459 2
4203 3 1900 8510
4204 1 243
4205 2 6762 5
4206 1 7950
4207 2 7881 3
4208 3 2118 5620
4209 3 7308 9901
4210 3 4222 8371
4211 3 5479 9443
4212 2 9156 2
4213 3 5801 8719
4214 1 7061
4215 2 9823 3
4216 1 6343
4217 2 7575 2
4218 2 7243 5
4219 1 4705
4220 3 5945 8981
4221 1 8502
4222 3 396 9871
4223 3 2010 8613
4224 1 8724
4225 2 4550 2
4226 2 1834 5
4227 1 1622
4228 1 4592
4229 2 9180 3
4230 1 7087
4231 1 5127
4232 1 1080
4233 1 5352
4234 2 5415 4
4235 2 772 1
4236 1 5414
4237 3 2653 5879
4238 1 6160
4239 3 1275 7385
4240 1 6341
4241 3 4417 7070
4242 1 909
4243 2 6201 5
4244 2 4901 5
4245 1 2755
4246 3 1126 3871
4247 1 7045
4248 1 204
4249 2 4217 2
4250 3 930 2739
4251 1 2696
4252 1 629
4253 2 6437 2
4254 3 6569 9962
4255 1 4260
4256 2 3601 2
4257 3 3916 8060
4258 2 280 5
4259 3 3940 5411
4260 1 5524
4261 3 4512 7773
4262 3 9282 9954
4263 1 3845
4264 3 4347 7129
4265 2 5373 1
4266 1 7543
4267 3 3755 4133
4268 1 6490
4269 3 4268 5545
4270 1 2262
4271 2 6986 4
4272 2 1161 5
4273 2 2354 4
4274 3 3059 4617
4275 2 7175 5
4276 2 4356 5
4277 1 9951
4278 3 456 6561
4279 1 204
4280 1 4787
4281 1 9124
4282 2 8875 3
4283 3 4164 4253
4284 1 7538
4285 2 549 4
4286 2 4438 5
4287 2 2522 5
4288 3 108 5203
4289 3 755 5484
4290 2 4311 2
4291 2 4263 4
4292 3 1438 4697
4293 2 5259 4
4294 3 3625 7021
4295 3 5813 6802
4296 1 9004
4297 1 7975
4298 3 1627 6480
4299 2 6928 1
4300 1 3430
4301 1 1471
4302 3 1152 9861
4303 3 7005 7206
4304 1 1066
4305 2 1820 5
4306 1 7381
4307 2 1553 2
4308 2 6012 5
4309 3 5708 9349
4310 3 8234 8566
4311 3 2509 2769
4312 3 8796 9286
4313 2 4042 3
4314 2 790 1
4315 3 17 8954
4316 2 8167 4
4317 2 9850 2
4318 1 8028
4319 1 2780
4320 3 7695 8449
4321 1 5528
4322 3 1611 3206
4323 2 5884 5
4324 2 9632 1
4325 2 3601 2
4326 3 5361 6634
4327 3 4868 8848
4328 2 6234 3
4329 1 2826
4330 2 2131 4
4331 3 2946 6516
4332 2 937 4
4333 1 2428
4334 2 9573 5
4335 3 4533 6507
4336 2 6748 5
4337 3 2132 8294
4338 2 4142 4
4339 2 8608 4
4340 3 1595 4692
4341 3 7404 9402
4342 1 9049
4343 1 986
4344 2 6411 2
4345 1 980
4346 3 1513 7493
4347 1 3455
4348 2 6672 2
4349 3 2850 3444
4350 1 5174
4351 3 2901 9724
4352 3 8907 9810
4353 2 7931 2
4354 2 753 3
4355 2 7958 4
4356 3 1757 7157
4357 1 1788
4358 2 9655 2
4359 3 4322 8543
4360 1 4935
4361 1 4248
4362 2 2649 2
4363 1 4941
4364 2 9564 4
4365 3 72 7758
4366 2 9033 4
4367 1 8398
4368 1 3562
4369 2 9345 1
4370 3 7663 9024
4371 1 1746
4372 2 691 4
4373 3 39 5979
4374 3 5434 5783
4375 2 6949 2
4376 1 4625
4377 3 6355 8291
4378 2 7649 4
4379 2 2067 5
4380 1 1037
4381 3 3390 9610
4382 2 7711 1
4383 2 7953 3
4384 2 703 4
4385 2 8941 3
4386 2 218 1
4387 2 5423 1
4388 1 5557
4389 1 9384
4390 3 1892 7365
4391 1 6544
4392 2 2848 2
4393 2 3835 5
4394 3 697 1519
4395 3 1260 2668
4396 3 4535 7553
4397 2 950 2
4398 1 7525
4399 1 996
4400 3 2469 4854
4401 3 1057 2703
4402 2 8629 2
4403 1 5501
4404 3 3040 9440
4405 1 678
4406 3 947 3522
4407 2 1181 3
4408 3 3763 5351
4409 2 5808 5
4410 2 1683 4
4411 2 6073 3
4412 2 3449 2
4413 3 5008 9360
4414 2 4724 5
4415 3 6261 8743
4416 2 7727 5
4417 3 2264 8754
4418 2 9223 3
4419 3 942 3999
4420 1 4803
4421 1 4198
4422 2 3564 3
4423 2 7137 1
4424 3 1468 8745
4425 2 7868 4
4426 1 5861
4427 2 8459 1
4428 1 9544
4429 2 9207 4
4430 3 1928 6747
4431 3 1840 9324
4432 1 8014
4433 3 4308 7017
4434 1 8029
4435 3 4467 4767
4436 1 6352
4437 3 6264 9551
4438 2 1378 1
4439 2 7781 5
4440 2 7162 2
4441 1 6520
4442 2 7912 3
4443 1 9715
4444 3 5123 7348
4445 2 8035 2
4446 1 8120
4447 1 5972
4448 1 3318
4449 1 4888
4450 1 1880
4451 2 1210 3
4452 1 9951
4453 3 5627 7744
4454 1 4421
4455 2 9336 3
4456 1 5090
4457 1 3888
4458 2 5877 2
4459 1 3276
4460 2 7262 3
4461 3 3264 3490
4462 1 5702
4463 3 1143 8407
4464 1 4892
4465 2 6724 1
4466 3 119 4242
4467 1 9246
4468 3 270 3268
4469 1 5296
4470 1 6781
4471 2 4651 3
4472 1 3060
4473 3 625 4148
4474 3 1124 4670
4475 3 1687 2959
4476 3 1035 8644
4477 2 9310 2
4478 1 7426
4479 1 6823
4480 3 1841 5719
4481 2 4441 1
4482 3 4249 9111
4483 2 9674 4
4484 2 738 2
4485 1 3229
4486 1 6478
4487 2 1313 4
4488 1 9095
4489 1 4101
4490 2 3096 5
4491 1 1078
4492 1 1156
4493 1 2446
4494 3 5548 7301
4495 3 6957 8180
4496 1 1439
4497 3 1238 9161
4498 3 5289 8807
4499 2 5018 2
4500 1 4371
4501 3 1442 2975
4502 2 8193 5
4503 2 9003 5
4504 3 1691 7271
4505 2 5251 5
4506 3 9245 9932
4507 1 3934
4508 2 1402 3
4509 1 9954
4510 1 5351
4511 2 9266 3
4512 1 7725
4513 1 9897
4514 2 7091 2
4515 1 5644
4516 1 8166
4517 2 5614 2
4518 2 4593 1
4519 2 8843 1
4520 3 2589 4459
4521 1 1003
4522 2 7950 3
4523 1 5334
4524 2 7311 1
4525 3 2209 4466
4526 3 5161 7282
4527 1 7138
4528 1 9330
4529 3 4519 9399
4530 1 6941
4531 1 1572
4532 2 446 1
4533 2 6571 3
4534 1 9625
4535 3 1495 7290
4536 3 5752 8291
4537 2 2892 3
4538 1 4449
4539 3 2915 7914
4540 3 6971 8960
4541 3 4641 8171
4542 3 5397 6616
4543 2 3001 3
4544 1 5623
4545 1 6139
4546 2 4443 1
4547 2 8721 1
4548 3 967 3530
4549 1 7074
4550 1 4667
4551 1 1637
4552 2 9299 2
4553 2 6439 3
4554 1 9911
4555 1 3796
4556 1 5217
4557 1 204
4558 1 568
4559 2 2083 2
4560 2 2699 3
4561 2 190 1
4562 3 5093 9992
4563 3 2742 7989
4564 3 1565 7238
4565 1 5642
4566 2 821 2
4567 1 437
4568 1 5059
4569 1 2156
4570 2 1952 2
4571 2 3028 3
4572 1 1112
4573 1 9515
4574 1 8497
4575 1 5275
4576 1 1048
4577 1 110
4578 2 3175 4
4579 2 5281 1
4580 3 870 9869
4581 2 875 4
4582 3 1538 6010
4583 2 7351 5
4584 3 1458 4621
4585 2 9381 1
4586 1 8260
4587 3 451 8395
4588 2 7831 4
4589 3 4734 7597
4590 2 8504 2
4591 3 7315 8996
4592 3 738 9023
4593 1 1203
4594 1 7531
4595 1 3931
4596 3 3644 7968
4597 1 5221
4598 1 7332
4599 3 3310 4228
4600 3 5296 5375
4601 3 1770 8229
4602 2 6629 5
4603 1 5837
4604 3 2241 9919
4605 3 889 6486
4606 3 1721 7927
4607 1 8911
4608 2 824 3
4609 2 5060 3
4610 3 3582 9472
4611 2 4787 5
4612 3 3029 6861
4613 3 3636 9041
4614 2 3854 2
4615 1 6732
4616 1 6264
4617 3 5605 8207
4618 2 582 2
4619 1 3919
4620 2 2207 1
4621 1 9055
4622 1 4676
4623 3 8037 8728
4624 1 231
4625 2 2101 5
4626 3 1328 6714
4627 3 172 5779
4628 1 3282
4629 3 5518 9510
4630 3 7397 9208
4631 1 6102
4632 2 7809 2
4633 1 4872
4634 1 6182
4635 2 6574 1
4636 1 4382
4637 1 27
4638 2 703 3
4639 1 9629
4640 2 9405 3
4641 3 2405 5743
4642 2 4907 1
4643 2 1111 4
4644 3 2276 8771
4645 2 8316 5
4646 1 7959
4647 2 3335 2
4648 2 6574 1
4649 1 5172
4650 1 2932
4651 1 7844
4652 3 509 9407
4653 2 9712 5
4654 1 2885
4655 2 9975 5
4656 3 209 1390
4657 3 1951 2022
4658 1 7982
4659 3 6480 9987
4660 1 6890
4661 3 7587 9981
4662 3 4826 7131
4663 1 3289
4664 3 3088 5221
4665 2 9807 2
4666 2 4041 1
4667 2 6770 3
4668 1 6095
4669 1 2170
4670 1 8032
4671 2 5820 4
4672 3 2023 8095
4673 3 6923 8699
4674 2 1496 5
4675 2 8357 5
4676 2 7085 4
4677 2 8095 2
4678 1 1432
4679 2 9528 4
4680 1 2748
4681 2 9953 4
4682 2 1826 5
4683 3 4920 6225
4684 1 9838
4685 2 3281 2
4686 3 961 7859
4687 1 7420
4688 3 5477 6426
4689 2 9715 2
4690 1 5078
4691 3 3934 7899
4692 2 358 1
4693 2 3131 1
4694 1 2152
4695 1 8888
4696 3 4364 7968
4697 1 1375
4698 2 6843 4
4699 2 3165 5
4700 1 6344
4701 2 9042 2
4702 1 7130
4703 1 6775
4704 2 947 2
4705 2 2579 5
4706 2 8549 3
4707 1 6838
4708 1 1650
4709 2 9739 4
4710 3 6477 6480
4711 1 8180
4712 1 2161
4713 3 4003 7431
4714 2 6586 5
4715 3 7365 9376
4716 1 4942
4717 1 9530
4718 2 4925 5
4719 3 5273 7203
4720 3 6030 9568
4721 1 6365
4722 3 4777 6322
4723 2 151 1
4724 2 5618 4
4725 3 4488 4699
4726 3 2026 6796
4727 1 2819
4728 2 531 3
4729 2 9760 2
4730 1 7405
4731 1 2316
4732 2 8976 4
4733 1 7750
4734 2 8510 3
4735 3 272 3974
4736 1 6869
4737 3 364 1684
4738 1 2626
4739 3 594 5358
4740 3 8055 9201
4741 1 9378
4742 3 2176 6905
4743 3 671 4844
4744 2 785 2
4745 1 9699
4746 2 6284 5
4747 3 3227 9087
4748 3 2220 8947
4749 1 5567
4750 2 5559 3
4751 3 4600 6155
4752 3 2477 4815
4753 1 2769
4754 3 3001 6861
4755 3 7439 8227
4756 3 709 4569
4757 2 4144 5
4758 1 7463
4759 2 5148 4
4760 3 3614 5531
4761 3 4401 7620
4762 3 1104 3500
4763 3 1473 6157
4764 1 7929
4765 2 419 5
4766 2 713 3
4767 2 8616 2
4768 3 3823 8773
4769 2 8856 1
4770 2 7465 4
4771 2 7799 5
4772 1 5710
4773 2 9749 5
4774 2 4588 2
4775 3 8882 9478
4776 3 1375 7826
4777 2 8821 1
4778 1 2727
4779 1 6002
4780 1 6690
4781 3 330 3611
4782 2 4724 2
4783 1 8590
4784 2 3083 5
4785 2 3707 3
4786 2 8141 2
4787 1 6272
4788 3 3933 4025
4789 2 7562 1
4790 2 1926 1
4791 2 267 3
4792 2 6837 1
4793 3 5019 7474
4794 2 1280 5
4795 1 1213
4796 1 8440
4797 1 417
4798 1 8884
4799 2 4288 3
4800 2 5306 2
4801 3 25 7480
4802 3 226 2184
4803 2 9264 5
4804 2 8604 2
4805 2 661 5
4806 1 8350
4807 2 4486 2
4808 2 113 3
4809 3 861 971
4810 1 1469
4811 2 6856 5
4812 1 6435
4813 1 2577
4814 1 9753
4815 2 1042 3
4816 1 8220
4817 2 3079 1
4818 2 8692 3
4819 1 2549
4820 2 3737 3
4821 1 8031
4822 2 3312 2
4823 1 1621
4824 2 9068 5
4825 1 2653
4826 2 906 2
4827 1 4298
4828 3 7007 8604
4829 3 5129 7100
4830 2 8947 3
4831 3 1099 4692
4832 1 1241
4833 3 3454 3680
4834 2 8230 2
4835 1 1024
4836 1 3775
4837 1 2211
4838 3 2248 5494
4839 3 1833 6638
4840 2 4157 4
4841 1 4487
4842 1 4024
4843 2 759 3
4844 2 6468 4
4845 1 9466
4846 3 2434 6714
4847 2 8717 3
4848 3 6632 7107
4849 1 6232
4850 2 7026 3
4851 3 1892 5577
4852 2 7764 3
4853 2 2563 3
4854 2 9836 1
4855 2 4513 1
4856 3 9329 9837
4857 1 7594
4858 1 7857
4859 3 7799 7937
4860 3 363 538
4861 1 268
4862 2 9819 4
4863 2 7583 1
4864 1 5604
4865 2 9901 5
4866 2 5550 5
4867 1 3926
4868 2 6396 1
4869 1 2904
4870 3 3114 4840
4871 2 1233 4
4872 2 9032 4
4873 1 6730
4874 1 2821
4875 3 1539 6403
4876 1 1197
4877 2 1234 4
4878 2 8409 2
4879 3 2965 8355
4880 1 4196
4881 3 5243 6651
4882 2 2416 2
4883 3 9549 9670
4884 3 2915 4451
4885 1 4782
4886 3 7230 7560
4887 3 343 3225
4888 1 227
4889 3 7875 8994
4890 1 3318
4891 3 3645 6639
4892 1 8020
4893 1 551
4894 2 7941 2
4895 3 7590 9452
4896 2 4679 2
4897 3 590 6514
4898 3 524 1116
4899 3 5630 7280
4900 1 7318
4901 1 6880
4902 1 1484
4903 3 5410 6046
4904 1 1994
4905 3 5218 9293
4906 1 2818
4907 3 6709 6821
4908 2 7367 1
4909 1 3149
4910 3 1520 9776
4911 2 5682 5
4912 1 6569
4913 1 1458
4914 3 2104 6330
4915 1 3006
4916 2 6297 5
4917 3 1888 3401
4918 3 1858 4396
4919 1 1031
4920 1 5334
4921 3 8207 9224
4922 3 533 9394
4923 2 6360 2
4924 2 7568 3
4925 1 7584
4926 2 5312 1
4927 1 808
4928 2 7303 1
4929 3 2353 8994
4930 2 5597 1
4931 3 16 9582
4932 3 318 8281
4933 2 8404 5
4934 1 4491
4935 1 1959
4936 3 2022 7929
4937 3 7680 8977
4938 1 3349
4939 3 4774 5176
4940 2 8038 3
4941 2 4773 5
4942 2 9635 2
4943 1 3869
4944 1 9877
4945 1 4057
4946 1 6305
4947 1 7013
4948 3 5410 8943
4949 3 4924 7128
4950 3 620 6448
4951 2 5614 1
4952 2 9931 1
4953 1 131
4954 2 2087 5
4955 1 3501
4956 3 7365 9775
4957 1 4469
4958 1 9365
4959 3 4263 6037
4960 2 9772 2
4961 1 4156
4962 2 967 1
4963 3 6599 8984
4964 2 8262 5
4965 3 2111 7139
4966 3 1988 4723
4967 1 2102
4968 1 7077
4969 1 4092
4970 3 4248 4485
4971 3 7929 9414
4972 3 1806 2724
4973 3 6334 6870
4974 3 4587 8847
4975 1 9397
4976 2 1685 3
4977 3 5085 6297
4978 2 8869 5
4979 3 1617 8820
4980 2 9264 2
4981 3 3555 9975
4982 3 1001 6757
4983 2 8753 1
4984 2 3324 2
4985 2 4550 5
4986 3 5221 6151
4987 3 2952 5576
4988 1 1245
4989 2 6509 4
4990 3 2158 4138
4991 3 4460 4809
4992 3 5447 8634
4993 2 5645 5
4994 2 1746 2
4995 3 808 8619
4996 3 5560 7732
4997 1 5324
4998 3 7688 9010
4999 3 2657 9848
5000 3 1352 5126
5001 3 3722 8981
5002 1 8426
5003 1 4202
5004 2 1932 4
5005 3 3414 5396
5006 2 6597 1
5007 1 1785
5008 1 2689
5009 1 7574
5010 3 289 1789
5011 2 7551 1
5012 1 7702
5013 2 4256 2
5014 3 4041 4223
5015 3 81 6142
5016 3 1991 3549
5017 2 8142 2
5018 2 2761 3
5019 1 198
5020 3 5710 7429
5021 1 4558
5022 2 1167 2
5023 1 1668
5024 3 663 4565
5025 3 1905 2178
5026 1 120
5027 3 4193 8246
5028 2 1102 1
5029 2 5995 1
5030 3 1727 4740
5031 2 740 3
5032 2 9934 5
5033 3 4128 8814
5034 3 1175 5149
5035 2 9896 5
5036 2 842 4
5037 3 2432 5707
5038 3 3899 3937
5039 2 685 2
5040 3 676 1160
5041 2 9874 4
5042 3 7088 8491
5043 3 3941 9741
5044 3 3732 9368
5045 2 1890 1
5046 3 5413 8923
5047 2 287 4
5048 3 4323 8728
5049 3 1096 5497
5050 3 1595 5362
5051 3 2931 8429
5052 2 4289 3
5053 2 8658 4
5054 1 8849
5055 2 6793 3
5056 2 8270 4
5057 1 3436
5058 2 3783 4
5059 3 6399 6698
5060 2 8640 1
5061 2 6765 3
5062 1 1905
5063 2 3927 5
5064 2 9056 3
5065 3 842 9759
5066 2 7821 4
5067 2 9819 2
5068 1 2943
5069 1 5655
5070 2 6711 4
5071 1 5303
5072 1 6629
5073 1 4608
5074 2 4448 5
5075 3 4534 9264
5076 3 5323 8244
5077 1 4566
5078 3 64 2133
5079 3 6149 8351
5080 2 1262 1
5081 1 630
5082 1 3472
5083 3 5942 6892
5084 2 4564 2
5085 1 790
5086 2 8765 2
5087 3 8383 9458
5088 1 6679
5089 1 2897
5090 2 9981 4
5091 1 7477
5092 1 1073
5093 2 6472 4
5094 1 7778
5095 3 1274 5384
5096 3 1821 3781
5097 3 1785 3629
5098 1 2830
5099 1 6295
5100 1 7307
5101 2 3328 5
5102 3 7852 9356
5103 1 9788
5104 3 2352 2835
5105 1 8476
5106 2 1055 4
5107 2 9816 2
5108 3 4783 6120
5109 1 5976
5110 2 9846 1
5111 1 1072
5112 2 4887 3
5113 1 8684
5114 1 7364
5115 2 5674 2
5116 3 4927 8966
5117 1 281
5118 1 8274
5119 3 9475 9576
5120 2 2297 5
5121 3 2286 5251
5122 2 7807 1
5123 2 4884 5
5124 3 636 9914
5125 2 3716 2
5126 1 5329
5127 2 8731 3
5128 1 1915
5129 3 1673 2163
5130 3 709 5693
5131 3 4228 6624
5132 3 5370 7574
5133 2 5240 3
5134 2 1979 5
5135 2 7509 4
5136 2 7691 3
5137 3 2054 2840
5138 1 6615
5139 3 914 4690
5140 2 335 3
5141 3 8041 8742
5142 3 3571 9070
5143 3 4892 8240
5144 3 911 2206
5145 3 158 8047
5146 1 7902
5147 3 4727 5445
5148 2 5113 1
5149 2 5700 4
5150 3 141 297
5151 1 6473
5152 3 2627 4977
5153 3 3880 4137
5154 1 3834
5155 3 27 4603
5156 2 7837 4
5157 1 8331
5158 2 2567 2
5159 2 4894 1
5160 2 9370 3
5161 1 28
5162 1 7902
5163 1 8267
5164 1 8782
5165 1 8947
5166 3 8624 9279
5167 3 2796 5689
5168 1 3339
5169 2 178 5
5170 3 1105 1936
5171 1 1257
5172 3 3447 9411
5173 2 7219 3
5174 2 238 2
5175 3 6236 9474
5176 1 4402
5177 1 94
5178 1 6887
5179 3 2869 4788
5180 3 6839 8572
5181 3 7144 8349
5182 3 2114 3406
5183 2 5965 2
5184 1 9055
5185 2 1659 5
5186 3 8116 8123
5187 2 8694 1
5188 2 7433 2
5189 2 7127 2
5190 2 7260 3
5191 2 9137 2
5192 3 2509 6191
5193 1 8706
5194 3 969 6015
5195 3 1751 8244
5196 1 9871
5197 1 5617
5198 3 3116 8952
5199 1 2432
5200 3 2701 3465
5201 2 2299 1
5202 1 5430
5203 1 8788
5204 3 8667 8989
5205 2 646 4
5206 2 6078 3
5207 3 2696 5489
5208 2 3202 4
5209 1 6690
5210 1 6193
5211 1 1314
5212 2 4933 2
5213 3 3480 9357
5214 3 6504 8310
5215 1 8519
5216 1 5377
5217 3 2308 3723
5218 2 8482 2
5219 1 5350
5220 2 8083 1
5221 3 8150 8251
5222 3 5710 7946
5223 1 2018
5224 1 1357
5225 3 2198 5264
5226 1 7415
5227 1 1256
5228 1 4151
5229 1 3875
5230 2 9503 3
5231 3 6550 9282
5232 3 4485 7526
5233 3 7976 9880
5234 3 2444 5959
5235 2 6889 1
5236 1 9660
5237 2 5789 3
5238 1 1210
5239 2 1926 3
5240 3 362 5896
5241 3 8209 9559
5242 1 6663
5243 2 369 5
5244 1 1029
5245 1 5586
5246 1 9236
5247 1 1398
5248 1 7552
5249 1 7821
5250 3 4561 7250
5251 2 8708 5
5252 1 9422
5253 2 2015 5
5254 3 7167 7375
5255 2 1512 2
5256 2 9900 3
5257 1 7694
5258 3 5471 5955
5259 3 717 7881
5260 3 258 8448
5261 3 6587 9400
5262 1 778
5263 2 4976 2
5264 3 6467 8524
5265 3 2495 4110
5266 1 6933
5267 2 2291 3
5268 3 723 2616
5269 3 3863 4188
5270 2 480 2
5271 1 9095
5272 2 9552 3
5273 2 7303 2
5274 2 8731 1
5275 1 7040
5276 2 2710 5
5277 3 990 9999
5278 3 5122 5334
5279 2 2209 5
5280 1 7184
5281 1 6567
5282 3 1835 6470
5283 3 3596 6926
5284 3 6037 7071
5285 1 9346
5286 2 2289 2
5287 2 4794 1
5288 1 1240
5289 1 4948
5290 2 8348 3
5291 3 2689 3836
5292 1 2776
5293 3 256 1873
5294 2 391 2
5295 1 1663
5296 3 1085 9651
5297 2 720 3
5298 1 7667
5299 1 1911
5300 2 6474 3
5301 3 1592 6370
5302 1 9071
5303 3 66 1381
5304 3 3210 8677
5305 1 779
5306 3 5537 6734
5307 3 152 2759
5308 3 3503 7307
5309 3 387 9664
5310 2 4385 1
5311 2 2541 2
5312 2 1583 2
5313 1 8864
5314 2 2676 3
5315 3 317 7445
5316 1 9950
5317 2 4273 1
5318 1 9314
5319 1 6925
5320 3 2481 6307
5321 2 5275 1
5322 1 6983
5323 2 6395 4
5324 2 6959 2
5325 2 2919 4
5326 1 7780
5327 1 4926
5328 3 3217 9411
5329 1 6075
5330 3 147 6073
5331 1 3182
5332 2 2438 1
5333 2 6163 1
5334 3 1183 5010
5335 3 325 9272
5336 2 2494 3
5337 1 1011
5338 1 7814
5339 2 5169 1
5340 2 2051 4
5341 3 768 9442
5342 2 2547 2
5343 1 4192
5344 2 4711 2
5345 1 826
5346 3 316 6876
5347 3 646 1018
5348 2 1241 1
5349 3 5190 5564
5350 3 1123 2557
5351 1 1320
5352 1 1592
5353 2 8857 1
5354 2 3724 3
5355 1 452
5356 3 2813 9334
5357 1 230
5358 1 9958
5359 2 7123 2
5360 3 2542 5666
5361 1 5691
5362 2 7305 3
5363 2 3573 2
5364 2 1404 2
5365 1 8170
5366 3 6422 7086
5367 3 1151 4230
5368 2 2980 4
5369 3 1456 2997
5370 1 4009
5371 1 8178
5372 2 3695 4
5373 3 1229 8609
5374 1 4412
5375 3 6227 6374
5376 1 6642
5377 1 134
5378 3 5454 7485
5379 2 7502 4
5380 1 4788
5381 3 2796 3429
5382 3 4487 7261
5383 2 6775 4
5384 1 2579
5385 3 5001 7612
5386 2 5368 2
5387 2 5256 5
5388 3 999 4008
5389 3 906 6238
5390 2 5489 5
5391 1 4959
5392 2 3861 1
5393 3 1275 3785
5394 2 9545 3
5395 3 1533 8121
5396 1 9507
5397 2 2363 3
5398 1 298
5399 2 3327 4
5400 2 7094 1
5401 2 5881 1
5402 1 1174
5403 2 7637 4
5404 1 8608
5405 1 6717
5406 2 293 3
5407 1 3894
5408 2 5985 2
5409 1 5324
5410 1 8985
5411 2 1523 4
5412 1 3699
5413 2 8137 4
5414 2 8356 3
5415 1 9259
5416 3 2384 8145
5417 3 924 2905
5418 3 4254 4948
5419 3 335 1339
5420 3 2811 4257
5421 2 8087 3
5422 3 4027 7990
5423 3 4476 9961
5424 3 5883 8937
5425 3 1231 2449
5426 3 650 4205
5427 2 621 1
5428 2 4226 3
5429 1 8937
5430 1 5400
5431 2 158 4
5432 2 8620 2
5433 1 6803
5434 2 957 4
5435 3 3534 9978
5436 3 6526 6831
5437 3 4076 9337
5438 1 4286
5439 3 3156 9772
5440 3 2882 3979
5441 2 6775 3
5442 3 3367 7102
5443 1 4975
5444 2 1803 5
5445 2 6138 2
5446 2 4464 2
5447 1 2475
5448 3 7480 7984
5449 2 3261 3
5450 1 7157
5451 3 2225 3701
5452 1 9298
5453 2 9556 3
5454 2 492 2
5455 3 874 7166
5456 3 2086 8931
5457 2 2607 4
5458 3 2618 9996
5459 1 5952
5460 1 368
5461 1 9770
5462 2 8559 3
5463 2 855 1
5464 1 7327
5465 1 8201
5466 3 4750 7795
5467 2 355 4
5468 1 6820
5469 1 7720
5470 2 6644 4
5471 2 8778 4
5472 2 370 5
5473 2 8691 3
5474 3 2881 5042
5475 2 8903 4
5476 2 8403 1
5477 3 4194 6104
5478 1 58
5479 3 1194 7942
5480 3 2413 9672
5481 3 3396 6081
5482 2 4578 3
5483 1 7706
5484 1 4508
5485 2 9145 2
5486 3 5745 9911
5487 2 6164 1
5488 3 4302 9267
5489 3 3619 8887
5490 1 6180
5491 1 3829
5492 3 4456 9991
5493 3 4975 8673
5494 2 1837 4
5495 2 5429 1
5496 2 9147 3
5497 3 7599 9730
5498 1 9489
5499 3 2938 4938
5500 2 2782 2
5501 1 9651
5502 1 4367
5503 1 3815
5504 2 9683 1
5505 2 4885 4
5506 1 8757
5507 3 1215 6276
5508 1 3528
5509 1 1538
5510 1 1234
5511 2 2715 1
5512 3 666 5537
5513 2 1469 3
5514 3 2553 7088
5515 1 4024
5516 1 7430
5517 3 963 3616
5518 3 351 8876
5519 3 1859 8100
5520 3 500 8787
5521 2 2117 4
5522 3 3743 5441
5523 1 5473
5524 2 5319 1
5525 2 3933 5
5526 1 104
5527 2 8772 1
5528 3 4280 5466
5529 1 7038
5530 1 6865
5531 2 6270 5
5532 2 6978 2
5533 1 136
5534 2 375 1
5535 3 928 6537
5536 1 6743
5537 2 9503 2
5538 2 9558 2
5539 1 5991
5540 3 4771 9744
5541 3 8322 8328
5542 3 4625 7257
5543 1 6344
5544 2 5880 5
5545 1 1985
5546 1 7994
5547 3 4855 6572
5548 1 5233
5549 2 4275 4
5550 1 2619
5551 2 4655 3
5552 1 1978
5553 2 2736 4
5554 1 2479
5555 3 2937 4537
5556 3 482 4153
5557 2 9908 3
5558 2 1116 4
5559 2 675 1
5560 3 3383 5484
5561 3 815 8945
5562 1 1461
5563 3 2006 4935
5564 1 9052
5565 3 5199 8407
5566 2 123 4
5567 3 7468 8656
5568 3 7800 7984
5569 2 1751 2
5570 1 8848
5571 2 9731 1
5572 3 5082 7104
5573 2 587 3
5574 3 7345 8744
5575 1 220
5576 2 1041 2
5577 2 6099 3
5578 1 5007
5579 3 3887 4586
5580 2 901 5
5581 2 5866 4
5582 1 5896
5583 3 1728 6854
5584 2 7094 2
5585 1 7953
5586 3 3758 7381
5587 1 4013
5588 3 1914 4618
5589 2 8671 1
5590 1 3218
5591 3 3775 5243
5592 1 206
5593 1 8085
5594 3 5338 8749
5595 1 9389
5596 1 1118
5597 2 8594 4
5598 2 9935 4
5599 1 7659
5600 3 8763 9985
5601 3 456 542
5602 3 3529 4205
5603 1 1467
5604 1 9922
5605 3 3892 6344
5606 1 9389
5607 1 3610
5608 2 5063 5
5609 2 5779 2
5610 2 438 2
5611 2 161 5
5612 1 4792
5613 1 2125
5614 3 6812 7486
5615 2 5706 3
5616 1 570
5617 3 5679 6368
5618 2 468 2
5619 2 3694 5
5620 1 693
5621 3 1851 6662
5622 3 4359 6452
5623 1 6011
5624 2 7335 1
5625 2 523 4
5626 2 2354 3
5627 3 1245 5270
5628 1 40
5629 2 4564 5
5630 3 1879 5569
5631 2 72 4
5632 3 5251 6561
5633 2 3799 4
5634 3 1595 3218
5635 3 6402 8280
5636 3 844 5883
5637 1 5710
5638 2 3242 1
5639 1 1917
5640 1 7739
5641 3 1486 7655
5642 3 6181 7897
5643 1 1644
5644 2 7862 1
5645 3 2651 9059
5646 2 7310 3
5647 2 402 3
5648 2 4292 5
5649 2 2131 3
5650 3 2449 3380
5651 1 3750
5652 3 4196 7479
5653 3 657 5455
5654 2 3507 1
5655 2 8330 1
5656 2 2560 5
5657 3 2558 7652
5658 1 855
5659 1 8402
5660 2 853 2
5661 3 2637 9198
5662 3 648 8185
5663 3 6383 7550
5664 1 1828
5665 3 6259 7499
5666 2 4938 2
5667 2 6601 3
5668 2 7802 1
5669 3 786 8886
5670 1 7074
5671 3 3038 4335
5672 1 4247
5673 3 1460 5075
5674 3 1515 6142
5675 1 7485
5676 3 235 3328
5677 1 3167
5678 3 2232 2773
5679 3 6178 6933
5680 3 2411 9434
5681 1 9476
5682 1 9567
5683 2 1804 5
5684 3 1827 5600
5685 1 3208
5686 1 7056
5687 3 8967 8998
5688 3 2262 8637
5689 1 6929
5690 2 4387 4
5691 1 1093
5692 3 2604 4177
5693 2 6770 4
5694 1 1232
5695 2 1564 2
5696 2 795 2
5697 1 8091
5698 2 7033 2
5699 2 1006 3
5700 1 7468
5701 2 2653 2
5702 2 3359 2
5703 2 1323 4
5704 2 9979 1
5705 1 2444
5706 3 684 9191
5707 3 3020 3255
5708 1 4124
5709 2 7644 5
5710 1 4060
5711 3 6017 6257
5712 2 1280 1
5713 2 9777 3
5714 2 3088 1
5715 2 674 5
5716 2 9157 3
5717 2 1817 1
5718 3 834 9490
5719 3 2382 7867
5720 2 5587 4
5721 3 4796 6489
5722 2 1555 1
5723 2 4084 5
5724 1 8307
5725 2 4232 3
5726 3 2264 3794
5727 2 1844 2
5728 3 3357 3819
5729 2 1710 2
5730 2 1365 2
5731 2 1193 4
5732 2 9530 1
5733 3 5337 5738
5734 2 593 2
5735 2 138 5
5736 1 7104
5737 3 2790 5155
5738 1 5649
5739 1 8752
5740 2 9424 2
5741 1 8560
5742 3 4958 6583
5743 1 1251
5744 3 4790 5012
5745 2 2630 4
5746 3 4038 7219
5747 2 3152 4
5748 2 9831 1
5749 3 4864 6233
5750 3 3387 5445
5751 1 8708
5752 1 7192
5753 2 3916 3
5754 1 9523
5755 3 7117 8160
5756 1 7384
5757 2 7860 4
5758 2 2148 1
5759 2 4584 3
5760 3 7480 7720
5761 2 3281 3
5762 3 2471 8215
5763 1 8094
5764 3 2184 5644
5765 2 6131 3
5766 1 6654
5767 3 572 5174
5768 3 6250 8460
5769 3 4649 7086
5770 1 969
5771 1 515
5772 3 1537 9447
5773 3 5043 7808
5774 1 9706
5775 1 3087
5776 3 1192 1486
5777 3 4664 6515
5778 3 1719 5914
5779 2 5566 3
5780 1 3122
5781 3 554 4458
5782 1 1660
5783 2 3694 4
5784 2 1700 2
5785 3 4439 5895
5786 1 2373
5787 1 6114
5788 1 4117
5789 1 2
5790 2 7843 4
5791 2 205 3
5792 1 268
5793 3 2171 6926
5794 3 5068 6079
5795 2 9771 2
5796 2 2332 3
5797 1 6934
5798 1 4279
5799 2 1249 3
5800 1 4549
5801 3 460 8017
5802 1 7294
5803 2 2631 5
5804 3 863 7774
5805 1 949
5806 3 8354 9074
5807 2 3418 3
5808 3 4839 7347
5809 3 7295 7757
5810 1 2525
5811 1 3182
5812 2 5550 1
5813 1 2787
5814 3 7232 8187
5815 2 9945 5
5816 1 5765
5817 1 8681
5818 2 5349 5
5819 3 8076 9343
5820 3 3639 7390
5821 3 983 4314
5822 2 5444 5
5823 1 7409
5824 2 9145 3
5825 2 7725 3
5826 1 1230
5827 2 7834 1
5828 1 917
5829 2 3275 1
5830 3 2739 5227
5831 3 6997 7624
5832 3 1482 7594
5833 2 444 1
5834 1 5161
5835 2 2939 2
5836 1 5612
5837 1 444
5838 1 3621
5839 2 6922 5
5840 1 7900
5841 2 6395 1
5842 2 8296 2
5843 2 3869 3
5844 2 7536 1
5845 1 4545
5846 1 2608
5847 1 5706
5848 1 328
5849 2 5969 1
5850 1 2130
5851 1 2790
5852 3 476 9143
5853 1 3483
5854 3 841 1854
5855 1 1571
5856 3 3015 6317
5857 3 4341 5034
5858 2 6737 2
5859 2 2506 2
5860 2 7086 1
5861 3 1418 1774
5862 1 6706
5863 3 1118 1819
5864 2 8081 3
5865 2 7745 4
5866 2 423 3
5867 2 7678 2
5868 2 2705 2
5869 3 4133 4410
5870 2 5467 4
5871 3 6805 8175
5872 1 62
5873 2 3961 3
5874 2 3852 2
5875 3 1166 8393
5876 1 4336
5877 3 694 4231
5878 1 8825
5879 1 6196
5880 2 5613 3
5881 2 9823 5
5882 1 5766
5883 1 5571
5884 1 2109
5885 2 203 5
5886 3 3629 7422
5887 2 341 1
5888 1 1784
5889 2 488 2
5890 2 6210 5
5891 2 3421 2
5892 1 6606
5893 3 712 6510
5894 3 151 3046
5895 3 1905 3310
5896 3 532 9539
5897 1 7120
5898 1 2682
5899 3 6089 8933
5900 1 62
5901 1 7413
5902 3 5762 9010
5903 1 7407
5904 3 954 8311
5905 1 710
5906 2 2859 3
5907 1 6359
5908 2 1153 1
5909 2 1037 2
5910 1 5037
5911 1 9537
5912 1 9333
5913 2 8420 4
5914 1 5171
5915 3 2465 8963
5916 2 6631 1
5917 3 4810 8089
5918 2 8045 4
5919 1 5493
5920 1 855
5921 1 889
5922 3 8179 9339
5923 1 2640
5924 2 2265 3
5925 3 1326 5344
5926 3 6021 8321
5927 1 1464
5928 1 1893
5929 2 6531 2
5930 2 9913 3
5931 1 9183
5932 1 7911
5933 2 5669 3
5934 3 1248 2956
5935 1 6407
5936 3 2314 9073
5937 3 5533 7207
5938 3 4581 9157
5939 3 895 7439
5940 2 7770 5
5941 3 416 1293
5942 1 3748
5943 2 7793 3
5944 2 1694 5
5945 1 7065
5946 3 311 1110
5947 2 6832 5
5948 1 1759
5949 2 126 5
5950 2 446 3
5951 1 1979
5952 1 1092
5953 1 4062
5954 2 6939 3
5955 3 4123 5508
5956 1 6241
5957 2 2095 4
5958 1 5644
5959 2 4444 1
5960 3 1057 4980
5961 1 5777
5962 3 3015 7113
5963 2 3174 4
5964 2 7443 1
5965 1 9332
5966 3 281 8554
5967 2 4743 4
5968 2 4023 5
5969 3 435 4301
5970 2 2286 1
5971 1 8636
5972 3 2620 4764
5973 3 253 4715
5974 2 9492 3
5975 1 1585
5976 2 3769 1
5977 3 1825 2296
5978 1 4742
5979 2 6032 3
5980 1 6146
5981 1 1447
5982 3 2875 5248
5983 1 6876
5984 1 7014
5985 2 7883 4
5986 1 1286
5987 2 213 3
5988 2 4547 4
5989 2 2350 3
5990 2 447 3
5991 3 5406 9457
5992 3 7627 9743
5993 2 3667 5
5994 3 503 2111
5995 1 7439
5996 3 3133 9042
5997 2 7234 4
5998 3 5893 7707
5999 3 4945 6839
6000 2 2632 4
6001 1 6677
6002 1 7672
6003 2 8888 1
6004 3 4005 5368
6005 1 8384
6006 2 3152 2
6007 3 5585 6232
6008 2 5634 2
6009 3 444 2367
6010 2 8287 3
6011 1 6732
6012 3 2054 8605
6013 1 1326
6014 2 1951 4
6015 2 423 1
6016 3 1841 9032
6017 1 2253
6018 2 9714 1
6019 3 806 7496
6020 1 3796
6021 2 8965 1
6022 2 9431 2
6023 2 8371 5
6024 3 1123 7548
6025 2 8601 3
6026 3 4647 6173
6027 3 1970 5454
6028 3 3694 4362
6029 2 7683 4
6030 1 3727
6031 1 3543
6032 3 4247 9760
6033 3 879 4681
6034 1 1099
6035 2 2161 5
6036 1 9483
6037 2 7390 4
6038 2 2738 1
6039 1 5096
6040 3 5673 9315
6041 2 2560 3
6042 2 8715 5
6043 1 7668
6044 1 4952
6045 2 3117 5
6046 2 6657 4
6047 3 7219 8126
6048 1 9457
6049 3 6803 9728
6050 1 9221
6051 1 4280
6052 1 4194
6053 3 2575 5240
6054 3 800 8643
6055 3 4421 8889
6056 1 7016
6057 2 9857 5
6058 1 3207
6059 1 3547
6060 2 8083 4
6061 3 3048 9835
6062 1 9020
6063 3 2157 7930
6064 3 2992 4638
6065 2 7551 1
6066 2 485 4
6067 3 4432 6490
6068 2 4421 1
6069 2 6880 5
6070 1 1812
6071 2 55 5
6072 3 8399 9619
6073 3 7648 9183
6074 3 3265 7675
6075 2 2126 1
6076 1 1340
6077 2 4745 4
6078 2 6681 4
6079 2 6142 4
6080 3 2524 7433
6081 3 6081 7273
6082 1 3471
6083 3 4866 8219
6084 2 301 1
6085 2 1943 3
6086 3 3963 4768
6087 1 473
6088 3 1795 5901
6089 3 8674 9419
6090 2 2836 3
6091 3 6277 7133
6092 1 6796
6093 3 996 5003
6094 2 432 1
6095 2 3285 4
6096 3 3339 9009
6097 1 6779
6098 2 3650 5
6099 2 4468 5
6100 1 735
6101 3 3653 4892
6102 3 33 8280
6103 3 1117 7063
6104 3 2955 5149
6105 2 1542 1
6106 3 6186 8532
6107 2 1050 3
6108 3 878 3677
6109 3 5514 8409
6110 3 2928 6115
6111 3 4939 8924
6112 3 7406 7607
6113 1 6796
6114 1 3995
6115 2 3118 5
6116 3 919 3644
6117 1 243
6118 1 3959
6119 1 533
6120 1 7447
6121 1 1488
6122 1 1274
6123 1 4214
6124 2 2751 3
6125 2 3935 5
6126 2 5642 2
6127 3 3350 9279
6128 3 4177 7958
6129 2 918 1
6130 1 6780
6131 2 5497 1
6132 1 8105
6133 3 3726 7630
6134 1 8549
6135 2 5251 1
6136 3 1038 4340
6137 3 3299 6163
6138 3 1916 9688
6139 2 1443 1
6140 2 6211 1
6141 1 7682
6142 3 1131 6414
6143 1 7895
6144 1 7444
6145 3 5088 8563
6146 1 6142
6147 3 2196 4300
6148 2 3689 2
6149 3 1514 3020
6150 3 693 1989
6151 2 6120 3
6152 1 4970
6153 1 506
6154 2 1001 5
6155 1 8432
6156 2 1178 4
6157 3 1639 8279
6158 3 5163 5711
6159 1 956
6160 1 9002
6161 3 5532 8815
6162 1 3332
6163 3 444 8403
6164 3 252 3587
6165 1 7344
6166 3 2803 7490
6167 1 1722
6168 2 6046 4
6169 3 5625 6557
6170 1 6122
6171 1 5690
6172 2 3305 2
6173 2 3198 2
6174 3 1777 5220
6175 1 4874
6176 3 2362 9562
6177 3 116 862
6178 1 8791
6179 2 1635 2
6180 1 8482
6181 2 7896 1
6182 1 1854
6183 3 7338 9161
6184 1 5066
6185 3 3978 7002
6186 2 4525 2
6187 1 1109
6188 2 4917 5
6189 3 6327 6512
6190 2 8560 5
6191 2 2886 5
6192 3 4512 4983
6193 3 826 7929
6194 1 2675
6195 1 7030
6196 3 5018 5175
6197 3 315 9542
6198 2 949 1
6199 3 521 6353
6200 1 8381
6201 1 5780
6202 2 2392 5
6203 3 5230 7772
6204 2 7352 2
6205 2 4698 3
6206 3 1116 8065
6207 3 1107 7492
6208 1 3367
6209 3 920 7400
6210 2 4672 2
6211 2 8269 2
6212 2 2665 4
6213 1 7346
6214 1 6426
6215 1 6833
6216 2 135 5
6217 1 6320
6218 3 2657 9494
6219 2 1809 2
6220 2 7631 1
6221 2 8601 2
6222 3 8369 9164
6223 3 1098 9840
6224 3 4526 9293
6225 2 7011 3
6226 2 7778 2
6227 3 6938 9161
6228 3 1320 9836
6229 3 3537 9543
6230 1 4987
6231 2 639 3
6232 1 5915
6233 3 3700 5114
6234 2 2689 1
6235 2 5244 2
6236 1 8542
6237 1 5214
6238 1 9026
6239 1 79
6240 3 1869 6192
6241 1 453
6242 3 4705 7354
6243 3 4898 5825
6244 2 5647 5
6245 1 3438
6246 1 3068
6247 3 4248 6346
6248 1 6350
6249 2 1786 3
6250 2 9527 3
6251 3 2680 6084
6252 1 8809
6253 2 9152 5
6254 3 1682 8654
6255 2 5655 2
6256 3 1355 7901
6257 2 3257 5
6258 2 8469 2
6259 2 3643 3
6260 2 1063 5
6261 2 8046 2
6262 1 3308
6263 1 418
6264 2 1426 1
6265 1 3778
6266 3 3631 8796
6267 3 827 1189
6268 3 2919 8398
6269 1 6073
6270 1 44
6271 3 3902 5064
6272 2 2277 2
6273 3 3897 5257
6274 2 4376 5
6275 1 4878
6276 1 2941
6277 3 152 8149
6278 1 4338
6279 3 7269 7275
6280 3 8883 9881
6281 2 3975 4
6282 2 7040 3
6283 1 6198
6284 2 8845 5
6285 1 1168
6286 2 913 1
6287 1 4145
6288 1 586
6289 1 1420
6290 2 7356 1
6291 2 5472 1
6292 2 933 1
6293 1 6693
6294 1 9828
6295 1 9643
6296 1 4006
6297 1 6732
6298 2 5961 2
6299 3 367 957
6300 1 6685
6301 3 320 2422
6302 2 2889 1
6303 3 4771 5814
6304 2 3847 3
6305 3 989 8281
6306 1 7009
6307 2 8333 3
6308 3 1180 4333
6309 3 1519 2098
6310 3 2632 6497
6311 1 3783
6312 3 4025 4327
6313 3 1428 4014
6314 2 6918 1
6315 3 2773 8109
6316 2 2755 2
6317 2 5690 4
6318 2 8843 4
6319 3 4115 5938
6320 2 8264 3
6321 2 6221 2
6322 3 913 8098
6323 1 1105
6324 1 4868
6325 3 300 5578
6326 1 6917
6327 1 3219
6328 2 3247 3
6329 3 2588 4442
6330 2 8688 2
6331 2 3266 1
6332 2 2911 1
6333 1 2896
6334 3 932 8638
6335 3 5784 6958
6336 3 1125 3854
6337 1 8517
6338 3 2924 8301
6339 2 8435 4
6340 2 8669 1
6341 2 8183 5
6342 3 972 3710
6343 3 614 6026
6344 1 474
6345 3 2824 9850
6346 3 5237 6163
6347 1 9132
6348 3 5922 6893
6349 1 688
6350 3 3279 8299
6351 3 5300 6908
6352 3 431 856
6353 2 1446 4
6354 1 9116
6355 3 167 6237
6356 2 9363 2
6357 3 1597 8641
6358 1 4347
6359 2 2612 4
6360 2 8706 1
6361 3 7824 9229
6362 2 5867 5
6363 3 3958 8208
6364 1 8069
6365 2 6293 3
6366 1 1831
6367 1 1548
6368 2 7140 5
6369 1 1490
6370 1 7212
6371 1 2907
6372 1 8683
6373 3 3238 8226
6374 1 9520
6375 1 8937
6376 1 4429
6377 3 3290 5710
6378 3 1396 2649
6379 2 2234 1
6380 1 8820
6381 3 1294 7966
6382 1 716
6383 1 1031
6384 3 8974 9192
6385 2 406 1
6386 2 4618 3
6387 3 1920 2288
6388 1 892
6389 1 9758
6390 2 3564 3
6391 1 2718
6392 2 4096 2
6393 3 89 2805
6394 1 8239
6395 2 593 1
6396 1 1623
6397 2 6599 4
6398 1 8066
6399 2 9477 5
6400 3 1497 3913
6401 2 1828 1
6402 2 2872 1
6403 1 3511
6404 3 3363 9751
6405 1 3321
6406 3 2687 7958
6407 3 980 7726
6408 2 4673 5
6409 1 4689
6410 2 5485 3
6411 1 8091
6412 3 637 2925
6413 2 2187 5
6414 2 4118 1
6415 2 1316 4
6416 2 2106 3
6417 3 2598 2760
6418 1 8764
6419 2 8619 5
6420 2 392 2
6421 1 2679
6422 1 9687
6423 2 4362 1
6424 2 6141 2
6425 3 4720 8952
6426 1 2728
6427 2 4664 2
6428 1 4145
6429 2 686 1
6430 2 9812 1
6431 2 3980 3
6432 2 6244 2
6433 3 8480 8900
6434 2 6766 1
6435 1 1555
6436 2 4046 5
6437 2 3079 4
6438 2 3955 3
6439 1 7684
6440 1 3277
6441 1 3353
6442 3 1986 7035
6443 1 5606
6444 3 3651 4559
6445 3 7500 9871
6446 2 9211 3
6447 1 7506
6448 2 5385 4
6449 2 1241 1
6450 1 4064
6451 1 3443
6452 3 3993 6325
6453 1 3705
6454 3 1683 9066
6455 3 5210 7498
6456 3 5421 7529
6457 1 4547
6458 3 511 4949
6459 3 1706 1852
6460 1 1312
6461 3 1355 4793
6462 2 1044 2
6463 3 5493 6592
6464 3 3688 6414
6465 1 7988
6466 3 1621 2179
6467 1 3442
6468 2 6536 1
6469 2 6545 2
6470 2 7341 3
6471 2 9266 3
6472 3 4277 8343
6473 3 3544 5678
6474 2 260 1
6475 1 5927
6476 3 4642 9268
6477 3 6197 8085
6478 2 9677 3
6479 1 3902
6480 3 1394 7494
6481 1 8713
6482 1 7337
6483 1 9236
6484 1 1264
6485 2 5915 3
6486 2 5225 2
6487 3 1927 6929
6488 2 2578 2
6489 1 95
6490 1 5448
6491 2 1169 1
6492 3 6018 9199
6493 1 3743
6494 3 4558 5537
6495 2 8726 5
6496 3 7218 9334
6497 2 3144 1
6498 3 959 2486
6499 2 134 5
6500 3 4733 6780
6501 1 8846
6502 1 5334
6503 1 3106
6504 2 7846 2
6505 2 8199 4
6506 3 1574 7596
6507 3 6196 7940
6508 1 9571
6509 2 5348 5
6510 1 7425
6511 2 5137 3
6512 3 1483 4830
6513 3 5875 6096
6514 3 5094 9215
6515 3 2024 3361
6516 2 688 2
6517 2 6499 3
6518 1 2670
6519 2 4705 5
6520 1 6617
6521 3 49 2165
6522 3 677 7627
6523 2 7507 1
6524 1 756
6525 1 6953
6526 3 893 6822
6527 3 5302 8140
6528 3 3100 4105
6529 2 5888 3
6530 3 2109 4340
6531 2 7549 1
6532 3 7388 7772
6533 3 2080 6963
6534 2 3231 4
6535 3 3797 7310
6536 3 3857 7806
6537 3 7755 9271
6538 3 593 8098
6539 2 4541 4
6540 3 5169 7610
6541 3 2896 7450
6542 2 268 2
6543 3 3760 5622
6544 2 8808 4
6545 3 5861 8613
6546 3 1145 5088
6547 2 67 2
6548 3 2769 8896
6549 1 3477
6550 2 9918 4
6551 1 2286
6552 3 1576 5770
6553 1 6804
6554 2 5224 2
6555 1 6297
6556 2 1939 3
6557 3 4400 7994
6558 3 5231 6800
6559 1 65
6560 3 823 9699
6561 3 8044 8455
6562 1 7323
6563 2 3946 5
6564 3 5666 5694
6565 3 5758 5887
6566 2 540 2
6567 3 5412 6984
6568 2 7650 1
6569 3 2167 2543
6570 2 5039 3
6571 3 5026 7867
6572 1 4845
6573 1 4350
6574 3 1959 7515
6575 1 6597
6576 1 7614
6577 2 8880 4
6578 2 3301 2
6579 3 577 1402
6580 1 4379
6581 2 6265 2
6582 1 8395
6583 1 4607
6584 3 2896 5452
6585 2 5909 2
6586 2 7065 4
6587 2 6356 4
6588 3 7086 9436
6589 3 5354 6215
6590 3 4622 9883
6591 3 5276 6975
6592 1 7336
6593 2 7930 5
6594 3 3177 5202
6595 2 7385 5
6596 2 8774 4
6597 2 8599 5
6598 3 1882 6230
6599 1 4178
6600 3 3939 9667
6601 2 9077 4
6602 1 6679
6603 3 3398 6415
6604 3 3931 9841
6605 2 4912 4
6606 1 2735
6607 3 3861 6623
6608 2 5028 1
6609 3 2282 4820
6610 3 4433 6914
6611 3 280 8240
6612 1 1515
6613 1 7683
6614 3 2277 6772
6615 2 4355 5
6616 3 3959 9254
6617 2 2005 1
6618 3 1494 6520
6619 2 5018 4
6620 3 2859 3651
6621 3 7094 7347
6622 1 4407
6623 1 137
6624 2 3786 2
6625 1 4
6626 2 5072 1
6627 1 1990
6628 1 6072
6629 2 8275 4
6630 3 620 7993
6631 1 5209
6632 3 178 1818
6633 1 9130
6634 2 7140 5
6635 1 2176
6636 3 7641 9937
6637 2 1852 3
6638 2 8259 2
6639 3 2543 7233
6640 2 7824 4
6641 1 1414
6642 1 7833
6643 3 1518 1613
6644 1 2282
6645 1 3153
6646 3 1618 6327
6647 2 3186 2
6648 2 6787 4
6649 1 3371
6650 2 1945 2
6651 1 3149
6652 2 4005 4
6653 3 5780 8185
6654 3 1544 2740
6655 3 5934 5974
6656 1 2571
6657 3 445 5556
6658 3 2680 3490
6659 1 3673
6660 1 2233
6661 2 4492 4
6662 2 1298 5
6663 3 3306 6047
6664 1 4386
6665 1 1323
6666 1 7469
6667 1 3396
6668 3 7425 9434
6669 2 5057 2
6670 2 5026 1
6671 2 3426 4
6672 2 6492 1
6673 1 1710
6674 1 4033
6675 1 2282
6676 1 7203
6677 1 7516
6678 2 2178 2
6679 1 6620
6680 3 2493 9235
6681 2 7559 5
6682 2 5649 3
6683 1 2541
6684 3 5042 9047
6685 3 3685 5588
6686 3 2546 9420
6687 2 9464 5
6688 3 1665 6134
6689 1 9713
6690 1 6126
6691 3 1121 1815
6692 1 8335
6693 1 7672
6694 3 4665 5195
6695 1 4409
6696 3 5185 9175
6697 1 355
6698 1 2908
6699 3 4680 9659
6700 1 4739
6701 2 1910 2
6702 2 7841 1
6703 1 5360
6704 3 193 9221
6705 2 4867 1
6706 1 8878
6707 3 6393 6753
6708 2 4723 1
6709 1 2656
6710 2 8761 1
6711 3 4054 7319
6712 2 8801 5
6713 3 5340 7593
6714 2 5954 5
6715 2 6529 5
6716 3 5944 9800
6717 2 3491 2
6718 1 7238
6719 3 3510 9888
6720 3 2890 8659
6721 2 4917 3
6722 2 2742 1
6723 1 9657
6724 1 472
6725 2 4025 5
6726 3 200 5019
6727 1 2391
6728 1 5286
6729 3 1072 4658
6730 1 2196
6731 1 3397
6732 3 1989 2674
6733 1 9078
6734 3 6558 9480
6735 1 3871
6736 1 8626
6737 1 8651
6738 2 4202 4
6739 2 5319 4
6740 3 123 4083
6741 2 4323 2
6742 2 6064 2
6743 2 2760 5
6744 1 2168
6745 1 7094
6746 1 4272
6747 1 2629
6748 3 2754 7977
6749 1 9938
6750 3 645 5238
6751 3 7057 7136
6752 3 2105 8092
6753 3 6974 8806
6754 1 6100
6755 3 1865 8194
6756 2 1941 1
6757 3 218 8963
6758 1 4080
6759 2 6133 3
6760 3 6600 6970
6761 2 8377 2
6762 3 3795 4518
6763 1 6797
6764 2 5111 1
6765 2 6648 1
6766 3 94 4746
6767 1 8269
6768 1 7407
6769 3 587 7185
6770 2 4649 4
6771 2 2370 5
6772 1 7544
6773 1 9127
6774 1 9294
6775 2 5953 3
6776 1 4979
6777 3 4698 4841
6778 2 7721 1
6779 3 2057 6305
6780 1 7556
6781 3 2702 9688
6782 1 4247
6783 2 5106 4
6784 2 7673 2
6785 2 2684 2
6786 1 3391
6787 3 2117 7902
6788 1 4320
6789 2 9433 4
6790 1 3263
6791 2 4271 5
6792 2 6709 2
6793 3 337 6451
6794 3 1701 1900
6795 1 7787
6796 2 5951 4
6797 2 8816 3
6798 1 9155
6799 1 8528
6800 3 186 5308
6801 1 7188
6802 1 6251
6803 2 7398 3
6804 1 1125
6805 2 7725 3
6806 3 676 3506
6807 2 5728 3
6808 3 3412 6041
6809 2 7523 1
6810 3 1218 7511
6811 2 7595 1
6812 2 7581 4
6813 1 3963
6814 3 2937 5877
6815 3 987 9771
6816 3 5488 9205
6817 2 2980 1
6818 3 5396 7986
6819 1 4040
6820 2 1552 3
6821 1 5697
6822 3 7041 8042
6823 1 7670
6824 1 6939
6825 2 735 4
6826 2 1710 2
6827 2 3434 3
6828 1 2725
6829 3 3323 8287
6830 3 2003 5763
6831 1 2573
6832 2 1556 1
6833 3 253 5510
6834 1 7289
6835 1 6495
6836 2 7476 5
6837 2 103 1
6838 2 2527 4
6839 3 5182 5212
6840 1 8908
6841 2 6859 2
6842 2 1288 5
6843 3 3431 5093
6844 1 3371
6845 3 5476 9823
6846 2 8021 1
6847 1 7635
6848 2 8405 5
6849 1 6062
6850 1 198
6851 2 1979 5
6852 3 5000 5172
6853 1 7619
6854 3 4345 5805
6855 3 1613 3087
6856 1 6506
6857 2 8147 1
6858 1 3167
6859 1 690
6860 2 7980 3
6861 2 8578 5
6862 3 2426 5362
6863 1 566
6864 1 28
6865 2 1635 4
6866 1 6295
6867 3 444 5388
6868 3 5089 5242
6869 3 1241 6679
6870 1 4260
6871 3 3578 6500
6872 3 4661 7632
6873 1 1813
6874 3 7667 8131
6875 2 7695 3
6876 2 1852 3
6877 2 6179 3
6878 1 6129
6879 1 6310
6880 2 2900 5
6881 1 9967
6882 3 2702 5285
6883 2 8949 3
6884 3 5204 8172
6885 1 9990
6886 1 7120
6887 2 7933 4
6888 1 2123
6889 2 3605 4
6890 1 2571
6891 3 5149 8349
6892 2 4354 3
6893 2 6539 4
6894 3 2777 8874
6895 3 3708 4353
6896 1 3563
6897 2 408 2
6898 2 900 2
6899 1 2267
6900 2 4661 5
6901 2 9024 5
6902 3 5434 7797
6903 2 7593 4
6904 3 3964 5431
6905 3 2068 9745
6906 2 9477 3
6907 1 5663
6908 1 1897
6909 1 9187
6910 3 1590 3034
6911 3 3859 3950
6912 1 3240
6913 1 9667
6914 2 8528 2
6915 2 9551 1
6916 1 4285
6917 1 9769
6918 2 8543 1
6919 2 9142 3
6920 3 7136 8081
6921 3 7677 7936
6922 1 589
6923 1 4120
6924 3 3731 8375
6925 2 3437 2
6926 1 2095
6927 3 1092 8221
6928 1 7581
6929 2 9867 1
6930 1 7608
6931 1 6439
6932 1 11
6933 2 4736 1
6934 2 1194 5
6935 2 5794 2
6936 3 1427 6598
6937 3 1875 7715
6938 2 1803 1
6939 3 2308 5346
6940 1 5379
6941 3 2658 6803
6942 1 3914
6943 2 2697 3
6944 3 2226 7380
6945 1 6360
6946 3 5944 8324
6947 3 2873 7878
6948 2 4921 4
6949 3 2355 4738
6950 2 3070 2
6951 3 4984 6607
6952 1 7300
6953 2 9949 1
6954 2 8343 2
6955 1 7199
6956 2 290 2
6957 2 5747 2
6958 1 8983
6959 3 5397 7040
6960 3 4489 9822
6961 2 4282 3
6962 2 8173 4
6963 3 948 4627
6964 3 1603 7946
6965 1 1073
6966 1 1253
6967 1 5107
6968 2 5166 2
6969 1 8294
6970 1 8116
6971 1 5205
6972 2 4572 1
6973 2 7683 5
6974 2 9122 5
6975 1 7276
6976 3 1150 3924
6977 1 5913
6978 3 5347 8265
6979 3 4360 9303
6980 3 3087 9620
6981 1 7232
6982 3 4990 7387
6983 3 5767 7817
6984 3 6127 8742
6985 3 489 5594
6986 3 8725 9304
6987 3 3302 9926
6988 1 4417
6989 1 5444
6990 2 2338 2
6991 2 6162 3
6992 1 5439
6993 2 6061 3
6994 2 1923 1
6995 3 8058 8241
6996 1 7506
6997 1 371
6998 1 7459
6999 2 2892 3
7000 1 4354
7001 1 7438
7002 3 7155 7945
7003 1 6551
7004 1 1773
7005 1 2145
7006 1 2074
7007 3 6089 9591
7008 1 7610
7009 3 3563 5852
7010 3 3326 8732
7011 1 5320
7012 1 8666
7013 2 4682 3
7014 1 429
7015 1 2962
7016 2 1959 3
7017 1 3483
7018 1 7526
7019 1 1658
7020 3 1767 6794
7021 2 4537 5
7022 1 9165
7023 2 1845 4
7024 2 6534 2
7025 2 2776 3
7026 1 6916
7027 3 430 4807
7028 2 466 2
7029 1 1421
7030 3 6179 8118
7031 2 1427 1
7032 1 7344
7033 1 2110
7034 1 7966
7035 3 2801 3220
7036 1 8132
7037 1 8113
7038 2 6708 4
7039 3 1333 5507
7040 2 3739 2
7041 2 6394 4
7042 3 5499 7060
7043 1 6142
7044 1 2141
7045 3 6440 6787
7046 1 3793
7047 3 1359 6850
7048 1 7796
7049 1 2211
7050 3 115 8583
7051 3 3107 7674
7052 1 4271
7053 2 9153 3
7054 3 8410 8458
7055 3 3128 8852
7056 3 1178 3617
7057 3 2740 9238
7058 2 3569 5
7059 1 6437
7060 1 6395
7061 1 2526
7062 3 166 8184
7063 3 8769 9978
7064 3 5033 7661
7065 3 5382 7818
7066 1 2625
7067 1 5892
7068 3 1497 4401
7069 2 7317 2
7070 2 3038 1
7071 3 4156 9689
7072 3 259 780
7073 1 3222
7074 1 3819
7075 1 6695
7076 2 8297 2
7077 2 5409 3
7078 3 1526 5754
7079 2 4018 4
7080 3 1023 7814
7081 1 8417
7082 3 7398 7991
7083 1 9475
7084 2 2245 2
7085 3 3536 4495
7086 1 6951
7087 3 5284 9344
7088 1 6037
7089 2 858 5
7090 1 8332
7091 3 4226 7608
7092 1 6890
7093 3 754 4479
7094 1 8128
7095 3 4519 9042
7096 3 1453 2523
7097 3 5190 7456
7098 2 4718 3
7099 3 1889 8191
7100 2 2633 1
7101 3 35 58
7102 2 5288 1
7103 2 3963 1
7104 3 408 9832
7105 3 2239 6546
7106 1 663
7107 2 3368 4
7108 2 7708 3
7109 1 966
7110 3 6408 7042
7111 1 9456
7112 2 8423 1
7113 3 2087 7660
7114 3 7491 9061
7115 2 3629 3
7116 2 3092 5
7117 3 4422 9317
7118 3 3499 7188
7119 1 6861
7120 3 2704 8860
7121 1 9852
7122 3 978 1872
7123 2 5684 4
7124 2 2091 5
7125 1 8154
7126 3 5005 8632
7127 3 2066 4993
7128 1 5232
7129 3 4287 6435
7130 3 411 6523
7131 3 329 8082
7132 3 4508 8105
7133 2 5709 3
7134 3 2809 7596
7135 3 6331 7469
7136 3 4023 4914
7137 1 8113
7138 3 3985 5714
7139 2 7938 5
7140 3 586 6368
7141 2 1533 3
7142 2 3416 4
7143 2 8275 5
7144 2 1724 1
7145 1 9194
7146 3 787 3742
7147 1 866
7148 3 7248 8720
7149 1 4527
7150 2 7091 5
7151 3 5437 6204
7152 1 3365
7153 2 8013 2
7154 1 7642
7155 1 8031
7156 3 68 681
7157 2 4413 4
7158 1 4832
7159 1 9893
7160 2 420 3
7161 1 9126
7162 2 1386 5
7163 2 1900 5
7164 3 2809 3973
7165 1 860
7166 3 2239 9817
7167 1 710
7168 3 232 7855
7169 2 4971 5
7170 3 6866 9367
7171 3 3797 6988
7172 1 1424
7173 3 97 9823
7174 3 1068 2736
7175 3 6408 9249
7176 1 8347
7177 1 7073
7178 1 8931
7179 2 3865 3
7180 2 3733 4
7181 1 5969
7182 2 594 5
7183 1 4845
7184 2 4106 2
7185 3 2255 8584
7186 3 6878 9170
7187 2 3479 3
7188 1 1080
7189 1 4760
7190 1 4332
7191 3 2259 2746
7192 1 9666
7193 1 9057
7194 3 2175 8432
7195 1 1266
7196 3 4971 8897
7197 2 5979 2
7198 3 3743 6909
7199 1 7314
7200 2 1531 4
7201 2 4139 3
7202 3 6529 7165
7203 1 4690
7204 1 1076
7205 2 3173 1
7206 1 5323
7207 3 5660 9349
7208 1 1122
7209 1 5348
7210 3 5251 9877
7211 1 7224
7212 3 7201 9839
7213 3 1612 2917
7214 1 2609
7215 2 727 1
7216 2 5196 4
7217 3 1276 3843
7218 2 6652 3
7219 2 2754 3
7220 1 3436
7221 2 9923 4
7222 1 3062
7223 1 9218
7224 2 1406 1
7225 1 4675
7226 3 3950 4801
7227 1 6358
7228 3 1753 5257
7229 2 5019 5
7230 3 6660 9987
7231 2 229 2
7232 3 803 5025
7233 2 9737 2
7234 2 2682 3
7235 1 125
7236 2 216 2
7237 1 38
7238 2 9697 4
7239 2 6426 1
7240 2 3513 3
7241 1 1048
7242 3 5943 9186
7243 3 4600 8311
7244 2 3717 2
7245 2 4234 2
7246 3 4439 6051
7247 2 1373 2
7248 1 9829
7249 3 430 6910
7250 3 4086 4224
7251 2 3350 1
7252 1 9513
7253 3 3943 9661
7254 3 7352 8396
7255 2 1090 4
7256 1 9052
7257 2 4680 3
7258 1 7384
7259 3 3091 8922
7260 3 1889 9881
7261 1 3982
7262 1 7684
7263 1 4836
7264 1 8795
7265 1 3648
7266 3 4429 9727
7267 2 236 2
7268 2 2240 3
7269 1 3274
7270 1 616
7271 2 1776 1
7272 3 2459 9452
7273 1 6724
7274 3 4708 9811
7275 2 6251 2
7276 1 804
7277 3 2660 2854
7278 1 4125
7279 2 3643 4
7280 3 6769 8635
7281 1 5183
7282 3 3921 7064
7283 2 7060 4
7284 2 6940 5
7285 3 996 5427
7286 1 7827
7287 3 2431 4684
7288 3 3403 5596
7289 3 3506 6487
7290 1 5681
7291 1 4974
7292 3 3691 6441
7293 2 5322 2
7294 1 2773
7295 3 1734 5594
7296 3 1304 3517
7297 3 4022 6142
7298 3 1879 8420
7299 3 5559 6853
7300 3 1509 8176
7301 1 7565
7302 3 3214 8229
7303 3 946 6509
7304 3 3153 5654
7305 2 8705 5
7306 2 3604 1
7307 3 288 9373
7308 1 3358
7309 2 5712 3
7310 2 177 2
7311 2 8259 5
7312 3 7105 7710
7313 3 8389 9389
7314 3 5383 9308
7315 2 4503 1
7316 3 9334 9623
7317 1 1291
7318 1 7697
7319 1 1178
7320 3 4756 9433
7321 1 4694
7322 1 6485
7323 1 9310
7324 1 1216
7325 2 1507 3
7326 3 6457 7029
7327 3 3819 5627
7328 3 8194 8691
7329 1 7169
7330 1 9872
7331 3 149 7642
7332 1 7821
7333 1 5031
7334 2 2775 2
7335 3 681 1813
7336 3 89 4947
7337 1 3661
7338 2 4111 5
7339 1 2205
7340 2 388 1
7341 3 1815 5282
7342 2 3770 3
7343 2 2880 2
7344 2 1779 4
7345 1 9167
7346 3 631 7630
7347 2 7672 3
7348 3 838 2563
7349 3 3022 9461
7350 3 2583 5896
7351 2 3471 3
7352 3 7476 7748
7353 2 9609 1
7354 2 9220 1
7355 1 7203
7356 1 5650
7357 2 5147 3
7358 2 6406 4
7359 3 4295 6752
7360 3 4105 4502
7361 2 2015 2
7362 2 1915 1
7363 1 3412
7364 2 5992 5
7365 2 396 4
7366 3 5405 7095
7367 2 1743 3
7368 2 5300 4
7369 3 7713 8456
7370 1 2774
7371 1 4018
7372 2 7902 4
7373 2 8092 2
7374 3 3425 7759
7375 1 5683
7376 3 5751 6208
7377 2 8494 5
7378 1 1795
7379 2 7835 1
7380 3 2907 6964
7381 3 5522 9451
7382 1 6858
7383 3 4810 9070
7384 3 2880 8189
7385 2 5037 2
7386 3 238 1716
7387 1 2018
7388 3 1355 4722
7389 2 7061 3
7390 2 4373 4
7391 3 6591 8715
7392 1 5968
7393 3 1888 3552
7394 2 171 4
7395 3 1496 2285
7396 3 131 9964
7397 2 2026 2
7398 3 2482 4497
7399 3 4659 6948
7400 1 5144
7401 2 8505 4
7402 2 7634 4
7403 1 3306
7404 1 1981
7405 3 6167 6866
7406 3 2386 9768
7407 3 1326 8961
7408 3 5423 6206
7409 3 2006 2198
7410 2 3392 2
7411 1 7268
7412 1 4573
7413 2 4941 5
7414 2 205 5
7415 1 2932
7416 1 7705
7417 2 5043 4
7418 2 9742 5
7419 3 2159 3934
7420 1 2647
7421 2 3281 4
7422 3 972 3002
7423 2 369 5
7424 3 5304 9108
7425 2 6939 3
7426 1 8491
7427 3 1684 2277
7428 3 4703 5211
7429 3 277 5764
7430 2 4439 1
7431 1 2954
7432 2 5633 3
7433 1 3341
7434 2 5430 1
7435 3 189 8373
7436 3 2893 7453
7437 3 5324 5404
7438 3 7636 7767
7439 1 3242
7440 1 7555
7441 1 6236
7442 1 3194
7443 2 1718 3
7444 1 7982
7445 2 3458 3
7446 2 2610 1
7447 1 8924
7448 1 6315
7449 1 7130
7450 2 5652 3
7451 2 3864 2
7452 3 1629 5339
7453 3 5153 7909
7454 1 9478
7455 2 8595 4
7456 1 128
7457 1 7949
7458 1 1642
7459 2 9626 2
7460 3 4055 4316
7461 2 1592 1
7462 1 9775
7463 3 2189 6988
7464 1 2129
7465 1 8486
7466 1 7199
7467 2 9383 1
7468 1 4702
7469 1 2451
7470 3 3713 4408
7471 1 543
7472 1 477
7473 2 2494 3
7474 1 8881
7475 2 7205 4
7476 3 4849 5349
7477 1 7580
7478 1 541
7479 1 5574
7480 2 5800 3
7481 2 1703 2
7482 1 7075
7483 3 2044 7972
7484 3 1230 3706
7485 1 1951
7486 3 1543 6522
7487 2 7890 2
7488 2 7245 3
7489 1 1240
7490 2 310 3
7491 2 1829 2
7492 3 1363 2556
7493 2 8931 1
7494 2 637 4
7495 1 4259
7496 3 3687 4502
7497 2 5022 3
7498 2 3777 3
7499 1 2450
7500 2 1672 4
7501 2 9527 3
7502 1 2395
7503 1 5420
7504 3 6088 8573
7505 1 664
7506 2 7273 1
7507 2 3145 1
7508 2 8966 2
7509 3 7258 8712
7510 2 227 3
7511 3 6955 7244
7512 1 4707
7513 2 4299 3
7514 1 7707
7515 2 1727 2
7516 2 1795 2
7517 3 972 6716
7518 1 7282
7519 3 871 2455
7520 1 9728
7521 1 8241
7522 3 2102 6939
7523 2 6517 4
7524 2 5105 1
7525 1 6452
7526 1 3872
7527 2 7192 3
7528 3 3723 6066
7529 1 8418
7530 2 3994 1
7531 1 4486
7532 2 3306 4
7533 2 2316 4
7534 3 728 9899
7535 3 948 978
7536 1 7969
7537 1 421
7538 2 7672 5
7539 2 5538 4
7540 1 6443
7541 1 9946
7542 2 515 2
7543 1 6701
7544 2 4225 5
7545 2 5919 1
7546 2 8288 2
7547 3 1323 1756
7548 2 2111 2
7549 2 283 2
7550 2 8780 3
7551 2 8330 5
7552 2 153 1
7553 2 7307 3
7554 3 5291 9828
7555 3 1049 8041
7556 2 6505 5
7557 2 821 5
7558 3 565 5331
7559 2 869 4
7560 1 7103
7561 3 6160 6427
7562 2 2813 5
7563 1 628
7564 2 7088 3
7565 2 7683 3
7566 1 991
7567 3 2788 9530
7568 2 2215 3
7569 2 9154 5
7570 2 8779 5
7571 2 3118 2
7572 3 2981 3123
7573 1 5395
7574 2 6780 3
7575 1 4283
7576 3 563 4945
7577 2 442 4
7578 1 1395
7579 3 991 7932
7580 3 2894 5439
7581 1 6003
7582 2 1959 1
7583 2 2824 3
7584 1 3523
7585 2 5528 2
7586 3 5320 6476
7587 2 2366 5
7588 2 4362 5
7589 1 1374
7590 2 1684 4
7591 3 2706 8464
7592 3 107 5273
7593 1 5043
7594 3 6045 8043
7595 1 2349
7596 2 9424 2
7597 1 7145
7598 1 2739
7599 3 533 5498
7600 1 2632
7601 3 1222 7377
7602 2 1150 3
7603 3 392 8389
7604 2 5084 1
7605 1 3219
7606 2 1119 5
7607 1 1372
7608 1 8628
7609 3 6046 6197
7610 2 1367 1
7611 2 4344 2
7612 3 5172 5969
7613 1 5671
7614 1 531
7615 1 8843
7616 3 907 9655
7617 2 2460 3
7618 3 4517 9684
7619 3 847 1911
7620 3 3749 4066
7621 1 6281
7622 1 8062
7623 2 5577 5
7624 1 5009
7625 1 4954
7626 3 3928 7190
7627 3 5982 8322
7628 3 4073 9090
7629 2 4640 2
7630 2 5481 1
7631 3 121 628
7632 3 2478 5854
7633 3 4089 8149
7634 2 1377 3
7635 1 3613
7636 1 6376
7637 2 5997 3
7638 2 7944 4
7639 1 8600
7640 3 5362 8962
7641 1 4044
7642 3 5369 9505
7643 3 4193 8588
7644 3 5799 7841
7645 3 1236 9628
7646 2 501 1
7647 3 7698 7753
7648 3 1159 6012
7649 2 3703 1
7650 1 3051
7651 2 1532 3
7652 3 4367 5359
7653 2 9325 1
7654 1 1314
7655 1 2989
7656 3 3853 5477
7657 2 2081 4
7658 1 1649
7659 2 8076 5
7660 1 820
7661 3 110 1445
7662 1 6025
7663 1 6793
7664 2 4844 1
7665 3 175 8207
7666 3 1696 9285
7667 2 5951 5
7668 2 8414 1
7669 2 1082 5
7670 3 3582 9711
7671 3 444 5453
7672 1 9409
7673 2 155 1
7674 2 7854 3
7675 2 6732 1
7676 2 5803 1
7677 1 1905
7678 3 7388 7776
7679 2 7225 5
7680 3 5118 7880
7681 3 2303 5574
7682 2 6194 2
7683 1 7212
7684 1 9456
7685 2 3469 1
7686 2 2924 2
7687 1 1189
7688 1 8634
7689 3 7834 8523
7690 1 6004
7691 1 7027
7692 3 3644 3648
7693 2 9051 5
7694 2 8119 4
7695 1 9422
7696 1 2924
7697 2 6005 5
7698 1 5587
7699 1 748
7700 1 5293
7701 2 5039 1
7702 3 197 1700
7703 1 2821
7704 3 1755 2084
7705 3 4127 6570
7706 2 3550 3
7707 3 4107 7560
7708 1 2521
7709 3 771 4316
7710 1 8652
7711 1 3701
7712 2 9745 1
7713 2 3565 2
7714 1 7350
7715 3 589 8527
7716 2 9377 3
7717 2 3029 5
7718 1 3946
7719 3 276 8839
7720 3 5235 5559
7721 1 3124
7722 2 6419 5
7723 1 9762
7724 2 502 1
7725 3 4963 6856
7726 3 1083 5361
7727 2 4281 1
7728 3 3596 4574
7729 1 2714
7730 2 397 4
7731 1 9293
7732 2 8118 1
7733 3 246 8833
7734 2 6246 2
7735 1 5233
7736 1 9051
7737 3 5333 7655
7738 3 5731 7316
7739 3 7450 8535
7740 3 4571 9950
7741 2 8957 4
7742 2 1806 4
7743 3 355 7957
7744 2 2272 2
7745 3 5448 7749
7746 3 2102 5083
7747 3 2078 2520
7748 1 4835
7749 2 1881 3
7750 2 1179 5
7751 1 1306
7752 1 360
7753 3 2427 8212
7754 1 4865
7755 3 2121 7392
7756 2 6727 2
7757 2 4577 5
7758 2 2205 4
7759 2 2005 4
7760 2 3601 1
7761 1 1395
7762 1 3357
7763 3 25 763
7764 1 4912
7765 2 3284 1
7766 1 3649
7767 1 7388
7768 1 3170
7769 3 4991 8348
7770 2 248 2
7771 1 7867
7772 1 6540
7773 2 8216 5
7774 2 4746 2
7775 2 3919 1
7776 1 5626
7777 1 1769
7778 2 836 2
7779 2 2367 2
7780 2 5498 1
7781 1 9303
7782 3 6515 7521
7783 1 7791
7784 2 9690 3
7785 2 4103 5
7786 2 7819 4
7787 2 206 3
7788 2 7888 5
7789 2 6663 4
7790 1 5652
7791 1 8539
7792 2 3087 4
7793 2 1997 4
7794 3 8950 9372
7795 1 9376
7796 3 6798 7212
7797 1 4807
7798 2 4353 5
7799 1 5729
7800 1 9957
7801 3 6955 8462
7802 1 3245
7803 1 2013
7804 1 6412
7805 2 7517 5
7806 2 9913 1
7807 1 4017
7808 2 8160 1
7809 3 4995 5283
7810 3 3610 6625
7811 3 1044 5152
7812 3 1200 4827
7813 2 2898 5
7814 3 2192 9571
7815 2 4307 2
7816 2 5801 4
7817 2 4124 5
7818 2 102 5
7819 1 6918
7820 1 7283
7821 3 8102 9279
7822 3 1698 6529
7823 1 6889
7824 1 1139
7825 1 7556
7826 1 2488
7827 3 2581 6886
7828 1 3103
7829 3 6427 9264
7830 2 3809 1
7831 2 278 2
7832 1 7903
7833 2 3448 1
7834 1 6342
7835 1 8941
7836 3 2281 3832
7837 1 8130
7838 2 6403 4
7839 3 3034 3361
7840 2 4006 4
7841 3 4111 4345
7842 3 560 9127
7843 2 1938 4
7844 1 7077
7845 2 2549 5
7846 1 531
7847 2 1663 3
7848 1 6157
7849 3 8161 9809
7850 1 1176
7851 1 3743
7852 2 9989 1
7853 1 1759
7854 3 2856 3019
7855 1 9698
7856 2 9315 1
7857 3 687 6923
7858 2 9141 5
7859 2 3587 3
7860 2 3945 1
7861 3 4766 7896
7862 2 4163 5
7863 1 2625
7864 2 1446 3
7865 2 4714 1
7866 3 8587 8874
7867 3 4080 6692
7868 2 9396 5
7869 1 1214
7870 1 7438
7871 3 1943 9305
7872 3 3346 7844
7873 3 3579 7393
7874 2 8394 1
7875 2 1904 5
7876 3 2069 7312
7877 3 3638 7925
7878 1 1402
7879 3 198 8495
7880 2 9298 2
7881 3 311 9116
7882 1 3896
7883 2 7734 5
7884 1 3202
7885 2 4850 4
7886 3 149 1298
7887 3 4725 9215
7888 3 1016 3660
7889 1 6449
7890 1 3285
7891 3 4500 9138
7892 3 4453 6935
7893 1 7256
7894 3 1127 9840
7895 1 5463
7896 2 323 1
7897 3 1665 3509
7898 2 6914 1
7899 1 3437
7900 1 8707
7901 1 3512
7902 2 3968 3
7903 3 1385 2480
7904 2 7622 4
7905 2 8380 2
7906 3 4727 6909
7907 1 7819
7908 2 2240 3
7909 3 218 7078
7910 2 7057 1
7911 3 3407 5515
7912 2 1406 1
7913 2 9745 4
7914 1 3495
7915 3 1206 1332
7916 3 2920 3442
7917 1 9425
7918 1 6844
7919 2 8596 1
7920 2 1702 2
7921 1 5101
7922 3 9482 9678
7923 1 6176
7924 1 6552
7925 3 2320 2588
7926 3 1681 6554
7927 1 7136
7928 2 7219 5
7929 2 3486 2
7930 1 2675
7931 3 4116 9718
7932 3 5427 6002
7933 3 2456 9431
7934 2 2516 1
7935 1 4883
7936 1 7910
7937 2 6270 4
7938 2 8217 1
7939 1 2734
7940 3 7361 8983
7941 3 2248 9776
7942 1 1364
7943 1 2910
7944 3 1297 8102
7945 1 1129
7946 2 4914 2
7947 1 832
7948 1 6674
7949 1 188
7950 2 4113 5
7951 3 402 4270
7952 3 538 5724
7953 1 1633
7954 3 4160 4516
7955 3 2589 8278
7956 3 2581 6763
7957 3 5338 7166
7958 3 1517 1523
7959 2 378 3
7960 1 9375
7961 2 9706 2
7962 1 1372
7963 1 5961
7964 1 2960
7965 2 2736 5
7966 1 2901
7967 1 9764
7968 3 374 7844
7969 3 775 932
7970 1 1792
7971 1 6307
7972 2 7577 5
7973 2 1834 3
7974 1 2692
7975 1 5909
7976 3 5647 8643
7977 1 1258
7978 3 6582 8037
7979 3 374 9787
7980 1 6388
7981 1 8120
7982 3 3831 8616
7983 3 5341 6326
7984 2 2117 3
7985 1 9557
7986 1 5162
7987 1 7738
7988 1 8455
7989 1 8780
7990 3 264 3054
7991 2 3386 2
7992 2 5305 2
7993 2 2203 3
7994 3 4413 9388
7995 1 9605
7996 2 5363 5
7997 2 4221 5
7998 2 6423 5
7999 2 4463 4
8000 3 4541 6327
8001 1 6681
8002 1 5345
8003 1 7944
8004 1 2617
8005 1 8705
8006 1 642
8007 3 7883 9097
8008 2 8138 1
8009 3 1803 2439
8010 2 2281 4
8011 3 6138 9492
8012 3 1551 9288
8013 2 3874 2
8014 2 5678 1
8015 1 1661
8016 1 3233
8017 2 8011 3
8018 3 3557 8341
8019 3 3490 6851
8020 3 736 9905
8021 1 7061
8022 1 1442
8023 1 8470
8024 2 2676 2
8025 2 6238 5
8026 1 3518
8027 1 7674
8028 2 6727 3
8029 1 2196
8030 3 3120 9956
8031 2 9532 3
8032 2 4587 1
8033 2 3236 5
8034 3 1314 5159
8035 3 3160 4156
8036 3 7076 9983
8037 2 5040 4
8038 3 1328 3970
8039 1 6650
8040 3 825 3524
8041 2 6405 5
8042 2 1265 1
8043 3 1721 7632
8044 3 2778 5108
8045 3 2906 7251
8046 2 7378 4
8047 3 6203 9044
8048 3 5172 7609
8049 2 2276 1
8050 2 6262 3
8051 3 319 7359
8052 2 3857 3
8053 1 6396
8054 3 2028 2577
8055 2 1880 2
8056 2 7622 5
8057 2 4712 1
8058 2 7844 1
8059 2 8767 4
8060 1 9422
8061 3 4132 4850
8062 1 5551
8063 3 1260 4847
8064 3 748 6432
8065 3 437 6226
8066 2 8707 2
8067 2 9538 4
8068 3 4374 5540
8069 3 5215 5643
8070 1 5691
8071 3 8727 9948
8072 2 3153 1
8073 1 8577
8074 1 3766
8075 2 8875 2
8076 2 8701 5
8077 1 1937
8078 3 2757 9144
8079 3 3808 3914
8080 3 5902 8312
8081 2 2917 4
8082 1 722
8083 2 5844 1
8084 3 2941 5342
8085 1 8441
8086 2 4161 3
8087 3 7889 9513
8088 3 2389 4156
8089 1 532
8090 1 2471
8091 1 8007
8092 3 1460 1768
8093 2 378 1
8094 2 1866 3
8095 1 6113
8096 2 7371 3
8097 1 984
8098 3 9103 9789
8099 1 1381
8100 1 9616
8101 3 1490 1840
8102 3 4467 7346
8103 1 3604
8104 1 5021
8105 3 8064 9958
8106 1 8654
8107 2 402 5
8108 2 8780 3
8109 3 3022 6332
8110 3 3977 8891
8111 3 5699 7663
8112 3 277 6236
8113 2 2702 3
8114 3 555 1249
8115 2 2842 2
8116 2 9945 3
8117 2 6897 1
8118 1 6109
8119 3 4360 8929
8120 2 3969 1
8121 3 3750 8579
8122 2 9437 2
8123 2 6733 1
8124 2 1873 5
8125 3 133 1079
8126 1 2942
8127 1 6974
8128 2 1675 4
8129 2 1627 2
8130 1 7532
8131 3 1395 7489
8132 2 1950 5
8133 1 1623
8134 3 1488 1597
8135 1 545
8136 1 9300
8137 1 5513
8138 1 7823
8139 3 3327 4314
8140 2 7129 3
8141 1 5559
8142 2 4722 2
8143 2 1897 1
8144 2 1257 1
8145 1 2585
8146 3 1596 4136
8147 2 3869 5
8148 1 964
8149 2 7853 1
8150 2 3258 2
8151 1 2404
8152 2 3826 2
8153 2 3312 3
8154 1 6280
8155 1 7508
8156 1 5526
8157 3 90 6352
8158 1 6746
8159 1 3930
8160 1 2836
8161 2 4281 2
8162 3 1100 2339
8163 3 2925 4342
8164 2 7489 4
8165 1 8128
8166 1 2433
8167 3 3067 6950
8168 1 2751
8169 3 1038 7953
8170 2 3675 3
8171 3 5651 6253
8172 1 381
8173 2 3953 2
8174 3 940 9560
8175 3 232 9042
8176 2 4614 1
8177 1 8511
8178 1 2787
8179 3 4046 8467
8180 2 4909 5
8181 2 424 2
8182 1 5817
8183 3 566 6869
8184 3 771 4720
8185 3 4723 8239
8186 1 3716
8187 1 8296
8188 2 8736 3
8189 3 3676 6431
8190 1 1959
8191 3 3679 6930
8192 3 5486 9019
8193 2 11 4
8194 1 2074
8195 2 7801 4
8196 1 6037
8197 3 597 8450
8198 2 4233 2
8199 1 7499
8200 3 287 8437
8201 2 6438 3
8202 2 3760 1
8203 3 1286 3171
8204 3 977 3694
8205 2 140 3
8206 2 1173 4
8207 2 8102 5
8208 2 9955 3
8209 3 783 8470
8210 3 5486 9011
8211 1 2389
8212 3 4750 6788
8213 1 8635
8214 3 8590 9753
8215 1 4354
8216 1 3016
8217 3 3429 9667
8218 2 6545 2
8219 3 3735 6861
8220 1 1995
8221 1 5555
8222 2 8039 5
8223 1 8913
8224 2 5171 3
8225 1 6928
8226 3 5378 5464
8227 3 5192 5648
8228 1 6482
8229 3 62 1252
8230 1 7314
8231 1 6237
8232 3 9290 9292
8233 1 4223
8234 1 873
8235 3 6873 7097
8236 3 1907 5477
8237 3 6478 9893
8238 1 4741
8239 2 1230 2
8240 1 5095
8241 2 9714 4
8242 3 4499 9691
8243 2 1111 1
8244 3 2104 2298
8245 1 8842
8246 1 1747
8247 1 2686
8248 3 5210 8527
8249 3 386 1819
8250 1 890
8251 1 6357
8252 3 5422 6110
8253 1 4608
8254 2 254 4
8255 1 1183
8256 1 724
8257 3 4265 5403
8258 1 2003
8259 1 7549
8260 1 9167
8261 2 2406 1
8262 3 2512 5292
8263 2 9079 3
8264 2 1336 4
8265 2 3401 5
8266 1 3361
8267 2 6919 5
8268 2 2046 3
8269 3 5286 9941
8270 1 902
8271 1 6056
8272 3 730 2428
8273 1 6440
8274 2 1681 4
8275 2 685 2
8276 1 3876
8277 1 2502
8278 1 8242
8279 1 967
8280 1 3264
8281 3 104 2254
8282 3 793 7893
8283 1 2579
8284 2 4125 5
8285 3 2614 6752
8286 3 1662 5176
8287 2 9524 2
8288 1 2874
8289 2 504 5
8290 2 8434 2
8291 1 9723
8292 1 5595
8293 3 1234 5930
8294 2 6440 3
8295 3 3741 4335
8296 2 7030 1
8297 3 1041 3378
8298 2 8915 3
8299 1 9574
8300 1 2362
8301 1 5251
8302 2 4859 2
8303 1 648
8304 1 8177
8305 1 4943
8306 1 1663
8307 2 9477 1
8308 3 460 1783
8309 3 5799 7423
8310 3 4800 9531
8311 2 1420 5
8312 1 805
8313 2 6270 4
8314 3 1257 7350
8315 1 697
8316 2 3176 5
8317 2 132 3
8318 1 6735
8319 3 838 9985
8320 2 2941 2
8321 2 4793 5
8322 2 5939 3
8323 3 2917 4171
8324 1 3512
8325 1 6326
8326 2 2294 3
8327 1 886
8328 3 3466 6460
8329 2 5577 4
8330 3 2741 8868
8331 2 6376 4
8332 2 5362 2
8333 1 4542
8334 2 5918 1
8335 1 8837
8336 1 1801
8337 1 6914
8338 3 3918 9852
8339 1 6816
8340 3 67 7602
8341 1 2836
8342 2 1342 3
8343 1 9377
8344 3 2084 5366
8345 1 8089
8346 1 7224
8347 2 3698 3
8348 1 9094
8349 2 6670 5
8350 2 5688 1
8351 2 5613 2
8352 2 988 2
8353 3 1735 2080
8354 1 9408
8355 3 2129 4021
8356 3 6791 7575
8357 2 4295 1
8358 2 2892 5
8359 2 1258 2
8360 2 8268 1
8361 1 9017
8362 3 3140 7385
8363 3 1991 6650
8364 2 3957 3
8365 2 6515 3
8366 2 5421 4
8367 1 8636
8368 2 9611 1
8369 3 5759 8052
8370 2 3736 5
8371 2 631 4
8372 2 1506 2
8373 1 1752
8374 1 4427
8375 2 1262 1
8376 1 1158
8377 3 7978 8332
8378 2 1399 2
8379 2 6202 4
8380 2 9391 3
8381 2 2045 1
8382 2 1331 4
8383 3 4170 4860
8384 3 5150 7840
8385 3 5127 5486
8386 2 7483 3
8387 3 2495 9691
8388 2 4213 2
8389 1 6897
8390 3 2389 7873
8391 2 8378 3
8392 3 8486 8600
8393 3 480 2795
8394 1 8888
8395 2 6127 3
8396 2 9823 3
8397 1 2708
8398 3 272 953
8399 3 4418 6282
8400 1 4101
8401 3 3458 6869
8402 1 1301
8403 1 2178
8404 1 4250
8405 3 1164 9673
8406 3 725 9008
8407 1 378
8408 2 420 1
8409 3 3043 5768
8410 2 9317 4
8411 3 4811 6359
8412 2 9799 3
8413 3 7180 8667
8414 1 9834
8415 3 1617 6945
8416 2 9408 2
8417 3 1064 7030
8418 3 5996 8598
8419 1 1164
8420 1 1685
8421 3 221 9147
8422 1 1419
8423 3 2002 7176
8424 2 127 2
8425 2 6101 3
8426 3 1369 9785
8427 3 5911 8149
8428 2 7584 2
8429 2 136 3
8430 2 4008 3
8431 3 851 1661
8432 2 7414 3
8433 1 8268
8434 1 7147
8435 2 416 2
8436 1 7950
8437 1 2566
8438 1 1167
8439 3 1240 8283
8440 1 2044
8441 3 7154 8289
8442 3 145 6720
8443 2 9963 2
8444 1 1543
8445 1 4185
8446 1 7118
8447 2 415 2
8448 3 4759 6739
8449 1 7256
8450 2 695 2
8451 2 5432 2
8452 3 808 7508
8453 2 2312 5
8454 3 3736 9057
8455 1 6934
8456 1 784
8457 3 3163 6151
8458 1 1050
8459 3 3110 8619
8460 2 3906 1
8461 1 6151
8462 3 2184 4612
8463 2 9995 4
8464 1 8295
8465 3 4644 9009
8466 1 7683
8467 1 919
8468 2 2161 4
8469 1 7582
8470 1 1663
8471 3 8595 9772
8472 1 2284
8473 1 4733
8474 1 2650
8475 2 9005 4
8476 3 8207 9308
8477 1 7783
8478 2 3886 1
8479 3 5457 8417
8480 1 1473
8481 1 5768
8482 1 1844
8483 3 6154 9978
8484 2 7531 1
8485 1 3735
8486 1 9944
8487 2 2423 3
8488 3 7062 8937
8489 3 5915 9253
8490 2 2701 5
8491 3 3685 6297
8492 3 7605 8823
8493 3 5936 9075
8494 3 806 1855
8495 1 4006
8496 1 1614
8497 2 1656 1
8498 3 1758 6370
8499 3 3114 3242
8500 2 9059 2
8501 2 1113 5
8502 2 5241 1
8503 1 6850
8504 2 8025 4
8505 1 6220
8506 1 3230
8507 3 6770 7050
8508 1 3412
8509 1 4304
8510 3 2480 8923
8511 3 8847 9407
8512 2 545 1
8513 2 491 1
8514 3 1147 8279
8515 2 631 2
8516 2 596 5
8517 3 418 4005
8518 1 6166
8519 3 1981 9052
8520 1 1436
8521 2 1195 1
8522 2 3000 2
8523 3 850 1050
8524 2 2446 3
8525 1 5751
8526 1 6277
8527 2 3914 3
8528 1 584
8529 1 4886
8530 1 2106
8531 1 2353
8532 2 8729 1
8533 1 8155
8534 2 9521 4
8535 2 9278 5
8536 2 5826 1
8537 3 690 3302
8538 3 5669 7678
8539 1 5266
8540 1 5213
8541 3 4148 6325
8542 3 9125 9621
8543 2 9364 4
8544 2 4302 2
8545 3 2239 6040
8546 1 1106
8547 1 5418
8548 2 1752 2
8549 2 6818 3
8550 3 1179 9829
8551 2 2905 4
8552 1 5726
8553 3 3009 4068
8554 1 1113
8555 2 5093 3
8556 3 1303 1834
8557 1 8971
8558 3 1306 9285
8559 3 7440 8201
8560 2 713 1
8561 2 5412 5
8562 3 161 5697
8563 3 613 7140
8564 3 6695 9877
8565 2 6581 1
8566 3 4666 8186
8567 1 6772
8568 2 4570 5
8569 1 3463
8570 1 4685
8571 3 2585 5100
8572 3 7167 9958
8573 3 3855 6830
8574 3 2954 5251
8575 1 9510
8576 2 2869 2
8577 2 3922 3
8578 2 6092 5
8579 2 4102 1
8580 2 8346 4
8581 2 8876 1
8582 3 249 711
8583 3 7678 9355
8584 1 6053
8585 1 1143
8586 1 4956
8587 2 6739 3
8588 2 3857 2
8589 2 3411 2
8590 1 1577
8591 3 1275 6757
8592 2 9001 3
8593 1 2212
8594 2 601 3
8595 2 9564 3
8596 1 669
8597 2 1332 5
8598 1 9928
8599 2 6243 4
8600 2 1214 3
8601 3 61 2318
8602 3 5979 8564
8603 2 559 1
8604 1 4601
8605 3 2297 3837
8606 3 5888 5898
8607 1 7391
8608 2 7 2
8609 2 1793 1
8610 3 4647 4907
8611 3 6143 8691
8612 3 6665 9788
8613 3 5100 7412
8614 3 1706 7141
8615 3 5272 9069
8616 3 881 4542
8617 1 9331
8618 3 416 4758
8619 1 7770
8620 3 252 5838
8621 3 1534 4915
8622 2 8951 4
8623 3 1791 2721
8624 3 1919 4240
8625 2 5108 4
8626 2 1091 4
8627 3 4236 7903
8628 2 8938 3
8629 1 1833
8630 3 2283 9900
8631 3 8765 9624
8632 3 5708 8226
8633 2 9776 2
8634 1 7806
8635 1 3704
8636 3 2865 3861
8637 3 409 3237
8638 1 1355
8639 1 7830
8640 3 2461 6745
8641 2 2564 2
8642 2 9902 3
8643 2 2706 1
8644 3 5783 9221
8645 3 2522 5881
8646 2 3481 1
8647 2 5984 2
8648 3 4469 6928
8649 1 2596
8650 3 2205 6497
8651 1 4061
8652 3 5052 6914
8653 1 3458
8654 2 1531 3
8655 1 8940
8656 3 3751 9748
8657 1 9585
8658 3 1504 2241
8659 1 4020
8660 1 425
8661 2 4850 4
8662 3 5872 7118
8663 2 9424 2
8664 3 210 1215
8665 1 5479
8666 1 7377
8667 2 1714 4
8668 2 4532 4
8669 2 3460 3
8670 2 2174 3
8671 3 2590 7995
8672 1 4513
8673 2 2338 4
8674 1 9976
8675 2 3690 3
8676 2 7731 4
8677 2 2845 2
8678 3 5249 8063
8679 2 4152 3
8680 1 1766
8681 3 1073 4013
8682 3 3770 7718
8683 2 9486 2
8684 2 6366 4
8685 1 8718
8686 2 5231 4
8687 3 4151 5293
8688 2 9346 2
8689 1 6849
8690 1 6727
8691 3 3586 8490
8692 3 2509 5606
8693 2 8956 4
8694 2 2391 5
8695 2 2279 1
8696 2 9875 2
8697 1 6607
8698 3 1504 3261
8699 1 9734
8700 2 8071 4
8701 3 4882 7539
8702 1 7483
8703 2 9083 1
8704 1 952
8705 3 4411 6651
8706 2 3984 5
8707 1 7032
8708 1 885
8709 1 6375
8710 1 4539
8711 3 746 976
8712 2 4548 5
8713 1 5954
8714 1 2020
8715 2 8770 1
8716 1 3749
8717 3 2884 8830
8718 1 5201
8719 2 3459 4
8720 3 8447 9629
8721 1 7278
8722 3 396 6283
8723 2 2740 2
8724 2 7006 5
8725 3 7224 8591
8726 2 2515 4
8727 1 1755
8728 1 4859
8729 1 1588
8730 1 3047
8731 1 515
8732 3 7283 9930
8733 2 4691 2
8734 1 5871
8735 1 7475
8736 3 1514 6681
8737 2 1420 4
8738 1 9521
8739 2 2752 2
8740 1 8784
8741 3 1710 2539
8742 2 7535 3
8743 3 7047 9421
8744 3 5902 6977
8745 2 7018 3
8746 2 97 4
8747 3 6895 7349
8748 1 365
8749 3 1492 8197
8750 2 1703 1
8751 3 5568 9579
8752 1 7290
8753 3 4701 5434
8754 1 6764
8755 1 3570
8756 1 1855
8757 3 2448 6869
8758 1 4687
8759 1 1539
8760 2 7998 2
8761 2 1133 1
8762 3 5035 7157
8763 1 4119
8764 2 6937 4
8765 2 1129 4
8766 3 1917 5809
8767 3 7634 8055
8768 1 9500
8769 1 6881
8770 1 6550
8771 3 2432 6177
8772 3 5601 9995
8773 1 4633
8774 3 5016 7676
8775 3 6417 7060
8776 2 1996 5
8777 3 1567 3029
8778 2 9684 5
8779 3 8385 9743
8780 1 7821
8781 2 6646 5
8782 1 2952
8783 1 3791
8784 2 7017 5
8785 2 4399 5
8786 2 4483 3
8787 3 7515 9601
8788 1 6217
8789 2 2239 1
8790 2 3626 4
8791 1 5906
8792 2 3223 1
8793 3 4334 7312
8794 2 9597 1
8795 1 2119
8796 3 612 9973
8797 2 6869 3
8798 2 2465 2
8799 3 590 4929
8800 1 1124
8801 3 5326 7004
8802 1 1566
8803 2 2647 4
8804 3 2291 5223
8805 2 477 2
8806 2 7748 4
8807 3 4818 6215
8808 1 4796
8809 2 131 5
8810 2 8676 3
8811 1 2735
8812 2 3801 3
8813 3 1675 3707
8814 2 4268 4
8815 3 4701 6030
8816 3 2659 5028
8817 3 2169 4810
8818 3 3785 8589
8819 3 1859 9614
8820 3 4771 5786
8821 3 1606 9138
8822 1 7332
8823 1 9595
8824 3 4421 7113
8825 3 72 1368
8826 1 7805
8827 3 4121 8374
8828 3 2170 6270
8829 3 2772 9967
8830 3 3947 5368
8831 1 1386
8832 3 672 9386
8833 2 1473 4
8834 3 827 6065
8835 1 5325
8836 1 8109
8837 2 2877 2
8838 3 1276 5715
8839 3 2016 7050
8840 1 2087
8841 3 5723 8348
8842 1 2842
8843 2 6791 3
8844 3 7886 8873
8845 2 6559 3
8846 3 2824 6760
8847 2 7930 1
8848 3 3309 5501
8849 2 1781 5
8850 3 6081 8309
8851 3 441 806
8852 1 6686
8853 3 5845 5939
8854 2 3863 3
8855 3 453 4013
8856 3 615 2613
8857 1 729
8858 3 4895 6548
8859 2 4639 3
8860 2 2030 4
8861 3 2683 9159
8862 3 815 9373
8863 2 4368 2
8864 1 8627
8865 3 7759 9032
8866 1 8735
8867 1 5743
8868 1 7633
8869 1 9071
8870 1 64
8871 2 9928 1
8872 1 5671
8873 3 1382 3950
8874 1 5197
8875 3 1030 7727
8876 3 5841 7668
8877 2 4899 2
8878 2 7448 4
8879 2 4903 1
8880 2 709 1
8881 3 6145 9266
8882 2 4417 2
8883 2 6817 5
8884 3 241 284
8885 2 4268 3
8886 1 746
8887 2 473 4
8888 1 1639
8889 1 1290
8890 1 6393
8891 2 722 5
8892 1 7125
8893 1 4471
8894 2 2232 1
8895 2 291 5
8896 2 4461 3
8897 1 8940
8898 1 5647
8899 2 7908 3
8900 1 8834
8901 3 3098 6107
8902 1 8313
8903 1 5126
8904 3 2247 8066
8905 1 2352
8906 1 2285
8907 1 6106
8908 3 30 8988
8909 1 9252
8910 1 2708
8911 3 2106 6571
8912 3 3024 4918
8913 3 2721 9582
8914 2 7062 3
8915 3 2669 4326
8916 1 4122
8917 1 200
8918 2 9963 4
8919 2 7755 4
8920 1 9149
8921 1 7263
8922 2 8992 5
8923 3 8010 9700
8924 3 7058 7992
8925 1 3702
8926 1 3246
8927 2 6773 4
8928 3 948 4020
8929 1 3474
8930 3 5213 6878
8931 3 897 5777
8932 3 1761 8427
8933 1 204
8934 1 8438
8935 1 2574
8936 2 8390 2
8937 3 5473 8071
8938 3 1734 3670
8939 1 8816
8940 2 3830 2
8941 1 1166
8942 2 8041 2
8943 1 3882
8944 3 554 937
8945 1 927
8946 3 3064 4387
8947 1 6603
8948 1 6560
8949 1 8245
8950 3 4295 7629
8951 2 3200 5
8952 1 9330
8953 3 144 4478
8954 1 4972
8955 1 3101
8956 3 4938 6136
8957 2 6478 4
8958 3 281 6048
8959 3 1265 7531
8960 3 1024 2322
8961 2 2445 3
8962 1 8769
8963 3 3346 9043
8964 3 1445 3013
8965 3 5667 5977
8966 3 3504 7257
8967 2 8123 3
8968 1 1301
8969 3 613 8208
8970 3 1622 1640
8971 3 1803 8495
8972 3 4086 4267
8973 1 9227
8974 2 3647 1
8975 2 661 4
8976 1 5457
8977 3 5008 6436
8978 2 6690 3
8979 1 9706
8980 2 2837 1
8981 1 3227
8982 3 3901 7552
8983 1 8235
8984 1 2639
8985 3 5053 6792
8986 1 3346
8987 2 8949 4
8988 3 3032 5944
8989 3 1480 7104
8990 3 1541 8591
8991 3 128 7413
8992 1 9379
8993 2 5724 1
8994 3 890 8228
8995 3 3378 9114
8996 1 8289
8997 2 5049 4
8998 3 6179 7635
8999 3 6733 9914
9000 3 1433 2365
9001 3 5046 7069
9002 2 2014 1
9003 3 8078 8920
9004 1 7318
9005 3 6198 9658
9006 2 2303 1
9007 3 4387 4805
9008 2 9274 4
9009 2 307 1
9010 1 4469
9011 3 768 3266
9012 3 421 4203
9013 3 1087 9630
9014 3 3604 9987
9015 1 3266
9016 1 1114
9017 1 3326
9018 3 5621 6762
9019 3 8716 9421
9020 1 9650
9021 2 516 2
9022 1 1734
9023 3 6893 9725
9024 3 7531 7573
9025 3 3020 7073
9026 3 1125 3989
9027 1 5583
9028 1 5720
9029 1 673
9030 2 8404 4
9031 2 7306 1
9032 3 1579 5706
9033 1 3635
9034 3 24 3216
9035 2 4952 4
9036 1 129
9037 3 1569 8058
9038 1 9724
9039 3 5446 9842
9040 2 2675 4
9041 3 789 6437
9042 1 8670
9043 3 2271 3429
9044 3 7616 8252
9045 3 5796 8348
9046 1 4937
9047 2 7403 3
9048 1 3939
9049 1 5620
9050 1 5236
9051 2 401 4
9052 2 2864 2
9053 2 1278 5
9054 3 3684 5126
9055 3 2951 7552
9056 1 2730
9057 3 589 2823
9058 2 6507 2
9059 2 4184 3
9060 2 2120 1
9061 2 1120 3
9062 2 2931 2
9063 1 7320
9064 2 5676 2
9065 1 2435
9066 3 6259 9216
9067 2 5116 1
9068 1 6515
9069 2 1345 1
9070 2 1418 2
9071 2 2711 3
9072 2 5779 4
9073 3 392 6099
9074 3 4934 6508
9075 2 10 1
9076 1 9489
9077 2 1319 3
9078 2 2064 5
9079 1 7483
9080 1 2192
9081 2 9868 1
9082 2 4519 2
9083 1 3553
9084 2 3397 1
9085 3 2259 8700
9086 2 9138 3
9087 3 78 2288
9088 2 6283 3
9089 1 5972
9090 3 8806 9637
9091 3 1209 7421
9092 2 1243 1
9093 2 9106 3
9094 2 329 1
9095 2 1384 2
9096 1 9329
9097 3 9141 9525
9098 1 3790
9099 2 6339 5
9100 3 4209 8676
9101 3 6462 7347
9102 3 4988 8773
9103 1 2330
9104 2 1806 2
9105 1 165
9106 2 297 5
9107 2 4991 2
9108 2 9641 5
9109 3 6916 8547
9110 1 9480
9111 2 7085 4
9112 3 7745 8130
9113 3 5855 5976
9114 1 5683
9115 1 9158
9116 3 1857 5532
9117 2 3392 4
9118 1 3031
9119 3 383 5912
9120 3 4639 6750
9121 1 6866
9122 3 3025 9372
9123 1 3731
9124 2 4139 5
9125 2 912 2
9126 3 6387 6645
9127 1 6756
9128 1 7118
9129 1 3417
9130 3 3755 9033
9131 3 1216 1665
9132 2 5400 1
9133 2 7080 3
9134 2 3068 3
9135 2 2385 2
9136 3 721 7663
9137 1 5034
9138 2 9874 1
9139 2 2625 5
9140 2 9077 2
9141 2 4784 4
9142 2 1769 5
9143 2 4054 2
9144 1 362
9145 1 1657
9146 1 254
9147 1 1962
9148 2 7208 2
9149 1 9210
9150 2 7984 2
9151 1 6538
9152 1 6592
9153 3 3142 7961
9154 3 4197 9723
9155 3 8343 8584
9156 3 347 2342
9157 3 4206 5879
9158 1 2803
9159 2 6398 4
9160 2 2748 5
9161 3 7352 9192
9162 2 9885 3
9163 2 2527 5
9164 1 6613
9165 3 278 349
9166 3 4133 9219
9167 2 5356 4
9168 3 2845 4501
9169 1 1242
9170 3 2563 5402
9171 3 5015 7744
9172 2 5322 4
9173 1 4801
9174 1 1512
9175 1 8313
9176 3 1326 9610
9177 1 1541
9178 1 7617
9179 3 5399 8969
9180 2 7866 2
9181 3 3226 9925
9182 3 1126 9771
9183 2 4512 4
9184 2 1981 5
9185 3 6486 8352
9186 2 6579 2
9187 3 756 2254
9188 1 7372
9189 3 2859 8283
9190 2 188 3
9191 2 7619 3
9192 2 9800 3
9193 1 3537
9194 2 3723 2
9195 2 8816 5
9196 2 2555 3
9197 1 2738
9198 2 4506 2
9199 3 2856 6109
9200 2 5637 2
9201 3 6284 9844
9202 1 8856
9203 2 8831 2
9204 1 7880
9205 3 7261 7437
9206 1 643
9207 2 168 3
9208 3 3877 4328
9209 2 3336 2
9210 2 6338 4
9211 1 9118
9212 1 4347
9213 1 3152
9214 2 5915 3
9215 3 2161 2964
9216 1 8051
9217 2 7256 2
9218 2 328 5
9219 1 7286
9220 1 7921
9221 1 5377
9222 1 9592
9223 2 643 1
9224 3 5355 7025
9225 3 3873 4949
9226 3 423 6461
9227 1 7233
9228 2 9550 3
9229 3 7318 9064
9230 3 2066 2141
9231 2 3171 2
9232 2 1766 5
9233 2 9974 1
9234 3 8309 9207
9235 2 8870 4
9236 3 1177 7297
9237 1 9403
9238 3 1594 1749
9239 1 3612
9240 2 6343 2
9241 1 1813
9242 3 6869 8939
9243 1 7579
9244 2 4283 2
9245 2 8146 5
9246 3 1297 4859
9247 3 389 6026
9248 3 1901 2215
9249 3 1932 5641
9250 1 4783
9251 3 213 6875
9252 2 2722 1
9253 1 3717
9254 1 4428
9255 2 7273 5
9256 3 2049 6616
9257 3 2991 8551
9258 2 4100 3
9259 3 5071 8037
9260 3 1152 1506
9261 3 1211 9381
9262 1 6146
9263 2 4816 5
9264 1 4610
9265 2 4635 1
9266 3 1254 7450
9267 2 2936 5
9268 1 1594
9269 1 7036
9270 3 560 2877
9271 1 6697
9272 3 1744 4162
9273 1 5419
9274 2 4140 3
9275 1 604
9276 3 2427 4267
9277 2 9714 3
9278 3 1625 8453
9279 3 6260 7077
9280 1 6606
9281 3 1564 8292
9282 1 8785
9283 1 1582
9284 2 5370 1
9285 3 5182 9656
9286 3 4339 8199
9287 2 2076 5
9288 2 7208 2
9289 1 101
9290 1 5235
9291 3 764 7702
9292 3 6515 8915
9293 3 2683 8008
9294 1 461
9295 2 4747 2
9296 3 6301 8302
9297 2 9100 1
9298 3 7174 8297
9299 2 6113 2
9300 3 5717 6831
9301 1 495
9302 3 2303 5670
9303 1 5413
9304 3 2458 3174
9305 1 8963
9306 1 6462
9307 1 7629
9308 1 2015
9309 3 48 5047
9310 1 2282
9311 2 1885 5
9312 1 9890
9313 3 2798 9632
9314 3 4463 5255
9315 2 2430 2
9316 3 80 805
9317 3 514 4289
9318 3 2002 7025
9319 3 322 1756
9320 1 5812
9321 1 4991
9322 1 1834
9323 2 1757 4
9324 1 910
9325 1 44
9326 2 9197 4
9327 2 7280 1
9328 1 7297
9329 2 117 1
9330 3 3182 3962
9331 1 988
9332 2 6772 1
9333 1 7053
9334 3 4980 8848
9335 3 879 4598
9336 1 6422
9337 1 8770
9338 1 2941
9339 2 9814 4
9340 3 2955 6270
9341 1 2119
9342 1 9423
9343 1 4718
9344 3 3602 8490
9345 1 8257
9346 3 8428 8724
9347 1 281
9348 1 9109
9349 1 1022
9350 3 1542 8910
9351 2 8220 1
9352 1 9399
9353 3 414 4025
9354 3 3285 9554
9355 1 3492
9356 3 4962 6813
9357 1 4101
9358 2 868 5
9359 1 9377
9360 1 4754
9361 3 952 9447
9362 1 6057
9363 3 39 2683
9364 1 6997
9365 2 5878 4
9366 1 5724
9367 3 5671 6602
9368 1 1921
9369 1 5259
9370 2 3673 5
9371 1 4726
9372 2 7728 1
9373 2 9738 5
9374 1 4966
9375 3 3390 7710
9376 3 4704 6901
9377 2 3227 5
9378 2 1186 3
9379 3 3420 7948
9380 2 1601 2
9381 1 7727
9382 3 1042 7042
9383 1 6858
9384 2 5722 2
9385 3 2849 8439
9386 3 1224 5443
9387 2 2231 1
9388 1 1657
9389 2 2270 2
9390 1 568
9391 2 1276 5
9392 3 3484 4680
9393 1 8970
9394 2 4277 5
9395 1 8723
9396 2 1984 5
9397 2 5395 1
9398 2 5714 2
9399 3 215 2594
9400 2 9956 3
9401 3 3456 4555
9402 3 3232 6208
9403 2 1609 1
9404 3 5177 5912
9405 1 4492
9406 2 3135 2
9407 3 9132 9438
9408 1 4590
9409 2 7828 5
9410 3 8757 9163
9411 3 1036 6410
9412 3 6654 9243
9413 2 3914 1
9414 3 7803 9561
9415 1 3360
9416 2 2255 2
9417 2 2917 4
9418 2 6711 1
9419 2 7720 1
9420 2 817 4
9421 3 4768 8937
9422 1 5558
9423 2 264 2
9424 3 806 2663
9425 1 7246
9426 2 6649 1
9427 3 762 6316
9428 3 1599 6088
9429 3 591 5950
9430 2 1537 4
9431 1 2898
9432 1 4883
9433 2 3664 1
9434 2 8598 2
9435 3 1206 7902
9436 3 4489 7605
9437 1 2696
9438 2 497 3
9439 1 4438
9440 1 8479
9441 2 2267 2
9442 1 6712
9443 2 4705 5
9444 1 1707
9445 1 2117
9446 3 1628 8345
9447 1 2967
9448 3 6219 9427
9449 2 828 3
9450 3 8902 8904
9451 2 2861 2
9452 1 5573
9453 3 6156 7819
9454 3 4005 7603
9455 3 316 8553
9456 2 2306 4
9457 2 5240 1
9458 3 6504 7962
9459 2 3387 3
9460 2 4326 1
9461 1 6204
9462 2 8411 5
9463 3 9028 9974
9464 3 966 4816
9465 3 1513 7398
9466 1 1777
9467 2 3714 2
9468 1 2197
9469 3 5612 6477
9470 1 530
9471 1 9927
9472 3 3426 4180
9473 2 9282 4
9474 2 3170 1
9475 3 2806 7943
9476 2 6951 3
9477 1 1729
9478 2 9198 2
9479 3 5502 9268
9480 2 5355 3
9481 2 492 2
9482 1 6733
9483 2 8216 2
9484 2 4942 3
9485 1 4236
9486 3 5190 8675
9487 3 6751 8250
9488 1 9875
9489 1 6078
9490 1 4970
9491 1 9945
9492 3 5840 8052
9493 2 1748 5
9494 3 3144 3731
9495 3 3650 6985
9496 3 2394 4652
9497 1 2704
9498 1 77
9499 3 6129 6327
9500 1 6239
9501 1 5028
9502 1 2439
9503 1 4306
9504 3 650 6784
9505 3 9013 9364
9506 1 9332
9507 1 1802
9508 1 8789
9509 2 6800 5
9510 2 8364 2
9511 1 7748
9512 3 817 5169
9513 1 4094
9514 1 4970
9515 2 1905 5
9516 2 8686 3
9517 1 5966
9518 1 4840
9519 2 5689 4
9520 2 2232 5
9521 1 1324
9522 1 9202
9523 1 1463
9524 3 1783 2366
9525 1 8838
9526 1 5384
9527 1 21
9528 3 3550 8083
9529 1 7409
9530 1 4171
9531 1 2596
9532 2 4159 2
9533 1 3388
9534 1 7867
9535 3 2058 7965
9536 3 186 4377
9537 1 7936
9538 3 5455 5567
9539 2 1217 2
9540 3 1179 6224
9541 1 2559
9542 3 753 8608
9543 3 230 2354
9544 3 4018 6966
9545 1 6654
9546 3 298 9375
9547 2 1823 3
9548 2 2824 2
9549 3 1415 4656
9550 3 3879 8863
9551 1 5369
9552 3 9208 9547
9553 1 9962
9554 3 3801 5672
9555 2 1640 2
9556 2 2255 4
9557 2 2885 3
9558 1 6884
9559 2 3640 1
9560 3 2786 3134
9561 3 4392 9180
9562 1 7688
9563 3 5416 9522
9564 3 6377 6849
9565 3 2720 9943
9566 2 790 1
9567 2 8380 3
9568 2 7764 1
9569 1 8717
9570 2 8977 5
9571 1 8179
9572 3 8888 9891
9573 3 5325 5535
9574 3 1637 7441
9575 2 7107 5
9576 3 2545 2547
9577 1 4355
9578 1 7214
9579 1 770
9580 2 897 1
9581 3 863 1543
9582 3 5736 8099
9583 1 2354
9584 1 2530
9585 2 2306 5
9586 1 7051
9587 2 3909 4
9588 1 509
9589 3 963 9454
9590 3 3546 5414
9591 3 474 3477
9592 2 3446 5
9593 2 2545 5
9594 3 3044 9522
9595 2 437 1
9596 3 1614 4587
9597 1 7184
9598 1 3015
9599 2 5386 1
9600 3 4813 8442
9601 1 1300
9602 1 7773
9603 3 2201 7801
9604 1 6564
9605 2 2585 2
9606 1 3515
9607 3 650 2507
9608 3 2595 8790
9609 2 2867 2
9610 3 1490 3961
9611 3 773 5044
9612 1 7355
9613 1 3972
9614 2 2536 3
9615 1 8188
9616 3 1052 8325
9617 3 2160 6128
9618 2 9428 2
9619 3 1874 9707
9620 1 6790
9621 2 1058 1
9622 3 341 1237
9623 3 7223 8541
9624 2 5241 3
9625 1 7855
9626 2 3508 4
9627 3 1028 4859
9628 1 2786
9629 2 528 3
9630 1 1511
9631 1 8785
9632 2 8262 2
9633 2 9156 2
9634 1 579
9635 3 1764 6392
9636 1 5532
9637 3 3267 5888
9638 1 378
9639 3 2642 5198
9640 2 8387 5
9641 3 453 2921
9642 3 278 9910
9643 1 8291
9644 1 7389
9645 3 3031 8038
9646 1 7694
9647 3 983 9762
9648 2 5105 2
9649 2 6893 2
9650 3 557 2280
9651 2 7725 2
9652 1 2573
9653 2 5676 2
9654 3 150 5911
9655 1 4519
9656 1 1945
9657 2 566 4
9658 1 9148
9659 1 9636
9660 2 2950 2
9661 2 9122 5
9662 2 9729 3
9663 2 6854 5
9664 1 1535
9665 3 7532 7604
9666 1 3550
9667 2 6921 2
9668 1 5773
9669 2 8957 3
9670 2 1536 1
9671 3 6179 9161
9672 1 5519
9673 1 3333
9674 3 1542 3508
9675 2 9781 4
9676 2 9671 4
9677 1 1807
9678 3 6044 8839
9679 3 4365 8339
9680 2 3534 3
9681 3 5048 9425
9682 3 2655 4818
9683 2 6435 5
9684 2 8728 1
9685 1 997
9686 1 9501
9687 1 1648
9688 2 3631 5
9689 3 9087 9538
9690 3 44 4091
9691 1 4239
9692 1 3594
9693 3 6685 9658
9694 3 6117 9097
9695 3 6309 7951
9696 1 593
9697 1 9915
9698 3 5760 5931
9699 3 5259 7517
9700 1 1171
9701 3 4179 6793
9702 3 1033 8579
9703 2 2523 3
9704 3 7628 9084
9705 1 7415
9706 2 9518 2
9707 3 2497 2763
9708 1 9543
9709 3 3440 9822
9710 1 1843
9711 3 8194 8976
9712 3 5822 6457
9713 2 6787 1
9714 1 7585
9715 2 7814 4
9716 1 2040
9717 2 5896 3
9718 1 2753
9719 2 6868 1
9720 3 60 9916
9721 1 7830
9722 3 1901 7349
9723 2 5947 5
9724 3 7835 9135
9725 1 9636
9726 2 4472 5
9727 1 1196
9728 2 6395 2
9729 1 8282
9730 3 4145 4474
9731 2 3077 1
9732 1 8919
9733 3 2569 7765
9734 2 2370 5
9735 3 5942 9965
9736 1 8263
9737 2 3473 4
9738 1 4724
9739 2 1307 4
9740 2 7059 2
9741 3 5597 6238
9742 2 4277 2
9743 2 7548 5
9744 2 9021 1
9745 3 6818 7147
9746 3 2638 9189
9747 2 6728 1
9748 3 6843 7761
9749 3 2307 4004
9750 1 4346
9751 3 2847 3774
9752 2 2255 2
9753 2 833 2
9754 3 9183 9876
9755 1 759
9756 2 3799 2
9757 2 7524 4
9758 2 7036 1
9759 2 7089 3
9760 3 5093 5382
9761 2 368 5
9762 3 1880 6069
9763 2 7516 3
9764 2 8727 5
9765 2 4195 5
9766 3 5707 9966
9767 1 3203
9768 3 1793 7659
9769 2 8975 2
9770 2 8165 2
9771 2 3629 4
9772 2 6807 4
9773 1 6027
9774 3 5248 8054
9775 3 130 227
9776 3 68 3764
9777 2 2173 1
9778 1 804
9779 2 1051 1
9780 2 7037 4
9781 3 374 9678
9782 3 173 2692
9783 1 6488
9784 3 1574 7564
9785 3 4575 8147
9786 3 1255 9740
9787 1 5729
9788 2 3572 5
9789 1 8788
9790 2 8199 3
9791 3 3343 3876
9792 3 7324 8449
9793 2 7159 1
9794 1 800
9795 3 5010 9810
9796 3 672 2136
9797 2 5768 4
9798 1 7234
9799 2 4756 1
9800 1 1729
9801 1 5472
9802 2 9250 1
9803 1 20
9804 3 89 2347
9805 3 2808 5888
9806 2 3513 4
9807 1 9637
9808 2 738 2
9809 2 2992 2
9810 3 3412 5370
9811 2 5535 2
9812 3 6196 6403
9813 3 2467 7758
9814 1 1749
9815 3 525 5819
9816 2 7449 2
9817 1 7550
9818 1 4997
9819 2 7903 4
9820 1 1452
9821 1 8852
9822 1 7181
9823 1 96
9824 3 4756 9469
9825 3 8927 9526
9826 1 1960
9827 3 247 3358
9828 1 6919
9829 3 2275 6043
9830 1 3403
9831 2 3877 3
9832 3 1187 4545
9833 1 7300
9834 3 1173 4606
9835 2 2180 5
9836 2 8619 4
9837 2 3640 1
9838 1 8248
9839 1 4938
9840 2 6273 4
9841 1 4869
9842 3 3690 8615
9843 3 2191 6991
9844 2 9419 3
9845 2 5713 2
9846 1 6417
9847 3 3555 4120
9848 1 4081
9849 1 4966
9850 1 5553
9851 1 1857
9852 1 6212
9853 2 4103 2
9854 3 6417 8762
9855 2 2246 3
9856 2 4025 4
9857 3 1712 3472
9858 1 3589
9859 1 4007
9860 1 2439
9861 2 7860 1
9862 1 3946
9863 2 2482 1
9864 3 2322 4992
9865 2 4062 1
9866 3 845 6190
9867 1 4361
9868 3 4997 7352
9869 2 9518 5
9870 3 83 6011
9871 2 7054 4
9872 1 6110
9873 2 1601 4
9874 3 523 5892
9875 3 4927 7997
9876 3 4752 7426
9877 1 6934
9878 3 149 9921
9879 2 527 1
9880 1 7046
9881 1 8214
9882 1 1939
9883 2 3254 4
9884 1 9974
9885 1 5119
9886 3 2392 3944
9887 2 5020 4
9888 3 5314 7616
9889 1 8449
9890 2 8797 1
9891 2 9298 5
9892 3 993 9471
9893 2 6693 1
9894 1 23
9895 1 7318
9896 2 2234 1
9897 1 5969
9898 3 2371 6924
9899 3 2959 3037
9900 3 3377 4664
9901 2 6513 4
9902 1 3315
9903 3 763 5968
9904 2 5275 1
9905 2 7197 1
9906 3 2516 5083
9907 1 2715
9908 1 5902
9909 1 4819
9910 3 3285 4922
9911 2 5757 2
9912 3 255 4031
9913 2 3590 3
9914 2 2654 5
9915 3 3790 7224
9916 3 3317 8043
9917 3 1236 8298
9918 3 4583 5105
9919 1 7881
9920 1 7794
9921 2 5998 4
9922 3 2745 4619
9923 3 4138 6774
9924 2 2455 4
9925 1 6367
9926 1 8796
9927 1 7669
9928 1 3154
9929 3 4920 8922
9930 3 1368 3815
9931 2 2399 5
9932 2 4535 2
9933 3 4395 7796
9934 2 3335 1
9935 2 8492 2
9936 2 4881 5
9937 2 3539 3
9938 2 336 3
9939 3 3589 4218
9940 1 7953
9941 2 5971 5
9942 3 433 4512
9943 2 9666 2
9944 1 6133
9945 3 2058 7438
9946 3 2537 6486
9947 3 6205 6339
9948 2 2530 4
9949 1 2405
9950 2 9847 1
9951 2 5058 1
9952 2 6452 5
9953 3 1594 4584
9954 2 4488 5
9955 2 7940 1
9956 3 2043 2970
9957 2 7475 1
9958 1 8666
9959 2 7914 5
9960 3 486 5227
9961 2 3766 2
9962 2 483 5
9963 1 5566
9964 1 2158
9965 1 7638
9966 1 8564
9967 1 9163
9968 3 2214 9543
9969 2 9687 4
9970 1 7427
9971 3 4663 9089
9972 2 3015 4
9973 2 3024 4
9974 3 315 8269
9975 3 6809 9146
9976 1 8747
9977 1 3342
9978 1 4276
9979 3 490 9056
9980 1 1276
9981 3 5352 8464
9982 1 8193
9983 2 6906 1
9984 3 3471 8726
9985 2 408 3
9986 3 2804 4903
9987 2 7596 2
9988 1 8714
9989 2 5861 2
9990 3 2125 5780
9991 1 29
9992 2 6347 3
9993 2 5256 4
9994 1 171
9995 2 7003 3
9996 1 1193
9997 3 4591 5183
9998 1 5438
9999 2 1109 2
